,encode,set_num,ign_len,rep_time,data_block_delta,similarity,label
0,000001111,1,0,18.0,1.0,0.12309149097933275,0
1,000010111,1,0,20.0,4.0,0.015075567228888182,0
2,000011011,2,0,12.0,0.5,0.25835675968659555,0
3,000011101,1,0,18.0,1.0,0.13483997249264842,0
4,000011110,1,0,18.0,1.0,0.15075567228888181,0
5,000011111,1,0,18.0,1.0,0.13483997249264842,0
6,000100111,1,0,39.0,3.0,0.012909944487358058,0
7,000101011,2,0,12.0,0.5,0.25363152238076525,0
8,000101101,1,0,18.0,1.0,0.12309149097933275,0
9,000101110,1,0,18.0,1.0,0.15075567228888181,0
10,000101111,1,0,18.0,1.0,0.12309149097933275,0
11,000110011,2,0,15.5,2.5,0.0304232614454664,0
12,000110101,1,0,32.0,4.0,0.013483997249264842,0
13,000110110,1,0,23.0,3.0,0.0158113883008419,0
14,000110111,1,0,20.0,4.0,0.013483997249264842,0
15,000111001,2,0,12.0,0.5,0.25835675968659555,0
16,000111010,2,0,12.0,0.5,0.2647580514910147,0
17,000111011,2,0,12.0,0.5,0.25835675968659555,0
18,000111100,1,0,18.0,1.0,0.15075567228888181,0
19,000111101,1,0,18.0,1.0,0.13483997249264842,0
20,000111110,1,0,18.0,1.0,0.15075567228888181,0
21,000111111,1,0,18.0,1.0,0.13483997249264842,0
22,001000111,1,0,22.0,3.0,0.012909944487358058,0
23,001001011,2,0,12.0,0.5,0.25363152238076525,0
24,001001101,1,0,18.0,1.0,0.12309149097933275,0
25,001001110,1,0,18.0,1.0,0.15075567228888181,0
26,001001111,1,0,18.0,1.0,0.12309149097933275,0
27,001010011,3,0,13.666666666666666,2.0,0.043852400336529186,0
28,001010101,1,0,32.0,4.0,0.013483997249264842,0
29,001010110,1,0,23.0,3.0,0.0158113883008419,0
30,001010111,1,0,20.0,4.0,0.013483997249264842,0
31,001011001,2,0,12.0,0.5,0.25835675968659555,0
32,001011010,2,0,12.0,0.5,0.2647580514910147,0
33,001011011,2,0,12.0,0.5,0.25835675968659555,0
34,001011100,1,0,18.0,1.0,0.15075567228888181,0
35,001011101,1,0,18.0,1.0,0.13483997249264842,0
36,001011110,1,0,18.0,1.0,0.15075567228888181,0
37,001011111,1,0,18.0,1.0,0.13483997249264842,0
38,001100011,3,0,14.666666666666666,1.6666666666666667,0.05018335517635409,1
39,001100101,1,0,34.0,3.0,0.012909944487358058,0
40,001100110,1,0,39.0,3.0,0.018257418583505543,0
41,001100111,1,0,22.0,3.0,0.012909944487358058,0
42,001101001,2,0,12.0,0.5,0.25363152238076525,0
43,001101010,2,0,12.0,0.5,0.2647580514910147,0
44,001101011,2,0,12.0,0.5,0.25363152238076525,0
45,001101100,1,0,18.0,1.0,0.15075567228888181,0
46,001101101,1,0,18.0,1.0,0.12309149097933275,0
47,001101110,1,0,18.0,1.0,0.15075567228888181,0
48,001101111,1,0,18.0,1.0,0.12309149097933275,0
49,001110001,2,0,21.5,2.5,0.0304232614454664,0
50,001110010,2,0,17.0,2.0,0.031249999999999993,0
51,001110011,2,0,15.5,2.5,0.0304232614454664,0
52,001110100,1,0,36.0,2.0,0.021821789023599242,0
53,001110101,1,0,32.0,4.0,0.013483997249264842,0
54,001110110,1,0,23.0,3.0,0.0158113883008419,0
55,001110111,1,0,20.0,4.0,0.013483997249264842,0
56,001111000,2,0,12.0,0.5,0.2647580514910147,0
57,001111001,2,0,12.0,0.5,0.25835675968659555,0
58,001111010,2,0,12.0,0.5,0.2647580514910147,0
59,001111011,2,0,12.0,0.5,0.25835675968659555,0
60,001111100,1,0,18.0,1.0,0.15075567228888181,0
61,001111101,1,0,18.0,1.0,0.13483997249264842,0
62,001111110,1,0,18.0,1.0,0.15075567228888181,0
63,001111111,1,0,18.0,1.0,0.13483997249264842,0
64,010000111,1,0,40.0,8.0,0.012309149097933276,0
65,010001011,2,0,12.0,0.5,0.25363152238076525,0
66,010001101,1,0,18.0,1.0,0.12309149097933275,0
67,010001110,1,0,18.0,1.0,0.15075567228888181,0
68,010001111,1,0,18.0,1.0,0.12309149097933275,0
69,010010011,3,0,13.666666666666666,2.0,0.04427915312349046,0
70,010010101,1,0,32.0,4.0,0.015075567228888182,0
71,010010110,1,0,23.0,3.0,0.022360679774997897,0
72,010010111,1,0,20.0,4.0,0.015075567228888182,0
73,010011001,2,0,12.0,0.5,0.25835675968659555,0
74,010011010,2,0,12.0,0.5,0.2647580514910147,0
75,010011011,2,0,12.0,0.5,0.25835675968659555,0
76,010011100,1,0,18.0,1.0,0.15075567228888181,0
77,010011101,1,0,18.0,1.0,0.13483997249264842,0
78,010011110,1,0,18.0,1.0,0.15075567228888181,0
79,010011111,1,0,18.0,1.0,0.13483997249264842,0
80,010100011,3,0,20.333333333333332,1.6666666666666667,0.05018335517635409,1
81,010100101,1,0,51.0,3.0,0.012909944487358058,0
82,010100110,1,0,57.0,3.0,0.022360679774997897,0
83,010100111,1,0,39.0,3.0,0.012909944487358058,0
84,010101001,2,0,12.0,0.5,0.25363152238076525,0
85,010101010,2,0,12.0,0.5,0.2647580514910147,0
86,010101011,2,0,12.0,0.5,0.25363152238076525,0
87,010101100,1,0,18.0,1.0,0.15075567228888181,0
88,010101101,1,0,18.0,1.0,0.12309149097933275,0
89,010101110,1,0,18.0,1.0,0.15075567228888181,0
90,010101111,1,0,18.0,1.0,0.12309149097933275,0
91,010110001,2,0,21.5,2.5,0.0304232614454664,0
92,010110010,2,0,17.0,2.0,0.031249999999999993,0
93,010110011,2,0,15.5,2.5,0.0304232614454664,0
94,010110100,1,0,36.0,2.0,0.021821789023599242,0
95,010110101,1,0,32.0,4.0,0.013483997249264842,0
96,010110110,1,0,23.0,3.0,0.0158113883008419,0
97,010110111,1,0,20.0,4.0,0.013483997249264842,0
98,010111000,2,0,12.0,0.5,0.2647580514910147,0
99,010111001,2,0,12.0,0.5,0.25835675968659555,0
100,010111010,2,0,12.0,0.5,0.2647580514910147,0
101,010111011,2,0,12.0,0.5,0.25835675968659555,0
102,010111100,1,0,18.0,1.0,0.15075567228888181,0
103,010111101,1,0,18.0,1.0,0.13483997249264842,0
104,010111110,1,0,18.0,1.0,0.15075567228888181,0
105,010111111,1,0,18.0,1.0,0.13483997249264842,0
106,011000011,3,0,18.0,1.3333333333333333,0.059946462470135846,0
107,011000101,1,0,34.0,3.0,0.012909944487358058,0
108,011000110,1,0,39.0,3.0,0.018257418583505543,0
109,011000111,1,0,22.0,3.0,0.012909944487358058,0
110,011001001,2,0,12.0,0.5,0.25363152238076525,0
111,011001010,2,0,12.0,0.5,0.2647580514910147,0
112,011001011,2,0,12.0,0.5,0.25363152238076525,0
113,011001100,1,0,18.0,1.0,0.15075567228888181,0
114,011001101,1,0,18.0,1.0,0.12309149097933275,0
115,011001110,1,0,18.0,1.0,0.15075567228888181,0
116,011001111,1,0,18.0,1.0,0.12309149097933275,0
117,011010001,3,0,17.666666666666668,2.0,0.043852400336529186,0
118,011010010,3,0,14.666666666666666,1.6666666666666667,0.044403559372884906,0
119,011010011,3,0,13.666666666666666,2.0,0.043852400336529186,0
120,011010100,1,0,36.0,2.0,0.021821789023599242,0
121,011010101,1,0,32.0,4.0,0.013483997249264842,0
122,011010110,1,0,23.0,3.0,0.0158113883008419,0
123,011010111,1,0,20.0,4.0,0.013483997249264842,0
124,011011000,2,0,12.0,0.5,0.2647580514910147,0
125,011011001,2,0,12.0,0.5,0.25835675968659555,0
126,011011010,2,0,12.0,0.5,0.2647580514910147,0
127,011011011,2,0,12.0,0.5,0.25835675968659555,0
128,011011100,1,0,18.0,1.0,0.15075567228888181,0
129,011011101,1,0,18.0,1.0,0.13483997249264842,0
130,011011110,1,0,18.0,1.0,0.15075567228888181,0
131,011011111,1,0,18.0,1.0,0.13483997249264842,0
132,011100001,3,0,18.666666666666668,1.6666666666666667,0.05018335517635409,1
133,011100010,3,0,20.333333333333332,1.6666666666666667,0.0507774169163697,1
134,011100011,3,0,14.666666666666666,1.6666666666666667,0.05018335517635409,1
135,011100100,1,0,52.0,1.0,0.028867513459481294,0
136,011100101,1,0,34.0,3.0,0.012909944487358058,0
137,011100110,1,0,39.0,3.0,0.018257418583505543,0
138,011100111,1,0,22.0,3.0,0.012909944487358058,0
139,011101000,2,0,12.0,0.5,0.2647580514910147,0
140,011101001,2,0,12.0,0.5,0.25363152238076525,0
141,011101010,2,0,12.0,0.5,0.2647580514910147,0
142,011101011,2,0,12.0,0.5,0.25363152238076525,0
143,011101100,1,0,18.0,1.0,0.15075567228888181,0
144,011101101,1,0,18.0,1.0,0.12309149097933275,0
145,011101110,1,0,18.0,1.0,0.15075567228888181,0
146,011101111,1,0,18.0,1.0,0.12309149097933275,0
147,011110000,2,0,23.5,1.5,0.033703882797784884,0
148,011110001,2,0,21.5,2.5,0.0304232614454664,0
149,011110010,2,0,17.0,2.0,0.031249999999999993,0
150,011110011,2,0,15.5,2.5,0.0304232614454664,0
151,011110100,1,0,36.0,2.0,0.021821789023599242,0
152,011110101,1,0,32.0,4.0,0.013483997249264842,0
153,011110110,1,0,23.0,3.0,0.0158113883008419,0
154,011110111,1,0,20.0,4.0,0.013483997249264842,0
155,011111000,2,0,12.0,0.5,0.2647580514910147,0
156,011111001,2,0,12.0,0.5,0.25835675968659555,0
157,011111010,2,0,12.0,0.5,0.2647580514910147,0
158,011111011,2,0,12.0,0.5,0.25835675968659555,0
159,011111100,1,0,18.0,1.0,0.15075567228888181,0
160,011111101,1,0,18.0,1.0,0.13483997249264842,0
161,011111110,1,0,18.0,1.0,0.15075567228888181,0
162,011111111,1,0,18.0,1.0,0.13483997249264842,0
163,100000111,1,0,22.0,3.0,0.012909944487358058,0
164,100001011,2,0,12.0,0.5,0.25363152238076525,0
165,100001101,1,0,18.0,1.0,0.12309149097933275,0
166,100001110,1,0,18.0,1.0,0.15075567228888181,0
167,100001111,1,0,18.0,1.0,0.12309149097933275,0
168,100010011,2,0,15.5,2.5,0.0304232614454664,0
169,100010101,1,0,32.0,4.0,0.013483997249264842,0
170,100010110,1,0,23.0,3.0,0.0158113883008419,0
171,100010111,1,0,20.0,4.0,0.013483997249264842,0
172,100011001,2,0,12.0,0.5,0.25835675968659555,0
173,100011010,2,0,12.0,0.5,0.2647580514910147,0
174,100011011,2,0,12.0,0.5,0.25835675968659555,0
175,100011100,1,0,18.0,1.0,0.15075567228888181,0
176,100011101,1,0,18.0,1.0,0.13483997249264842,0
177,100011110,1,0,18.0,1.0,0.15075567228888181,0
178,100011111,1,0,18.0,1.0,0.13483997249264842,0
179,100100011,3,0,14.666666666666666,1.6666666666666667,0.05018335517635409,1
180,100100101,1,0,34.0,3.0,0.012909944487358058,0
181,100100110,1,0,39.0,3.0,0.018257418583505543,0
182,100100111,1,0,22.0,3.0,0.012909944487358058,0
183,100101001,2,0,12.0,0.5,0.25363152238076525,0
184,100101010,2,0,12.0,0.5,0.2647580514910147,0
185,100101011,2,0,12.0,0.5,0.25363152238076525,0
186,100101100,1,0,18.0,1.0,0.15075567228888181,0
187,100101101,1,0,18.0,1.0,0.12309149097933275,0
188,100101110,1,0,18.0,1.0,0.15075567228888181,0
189,100101111,1,0,18.0,1.0,0.12309149097933275,0
190,100110001,2,0,21.5,2.5,0.0304232614454664,0
191,100110010,2,0,17.0,2.0,0.031249999999999993,0
192,100110011,2,0,15.5,2.5,0.0304232614454664,0
193,100110100,1,0,36.0,2.0,0.021821789023599242,0
194,100110101,1,0,32.0,4.0,0.013483997249264842,0
195,100110110,1,0,23.0,3.0,0.0158113883008419,0
196,100110111,1,0,20.0,4.0,0.013483997249264842,0
197,100111000,2,0,12.0,0.5,0.2647580514910147,0
198,100111001,2,0,12.0,0.5,0.25835675968659555,0
199,100111010,2,0,12.0,0.5,0.2647580514910147,0
200,100111011,2,0,12.0,0.5,0.25835675968659555,0
201,100111100,1,0,18.0,1.0,0.15075567228888181,0
202,100111101,1,0,18.0,1.0,0.13483997249264842,0
203,100111110,1,0,18.0,1.0,0.15075567228888181,0
204,100111111,1,0,18.0,1.0,0.13483997249264842,0
205,101000011,3,0,14.666666666666666,1.6666666666666667,0.05018335517635409,1
206,101000101,1,0,34.0,3.0,0.012909944487358058,0
207,101000110,1,0,39.0,3.0,0.018257418583505543,0
208,101000111,1,0,22.0,3.0,0.012909944487358058,0
209,101001001,2,0,12.0,0.5,0.25363152238076525,0
210,101001010,2,0,12.0,0.5,0.2647580514910147,0
211,101001011,2,0,12.0,0.5,0.25363152238076525,0
212,101001100,1,0,18.0,1.0,0.15075567228888181,0
213,101001101,1,0,18.0,1.0,0.12309149097933275,0
214,101001110,1,0,18.0,1.0,0.15075567228888181,0
215,101001111,1,0,18.0,1.0,0.12309149097933275,0
216,101010001,2,0,21.5,2.5,0.0304232614454664,0
217,101010010,2,0,17.0,2.0,0.031249999999999993,0
218,101010011,2,0,15.5,2.5,0.0304232614454664,0
219,101010100,1,0,36.0,2.0,0.021821789023599242,0
220,101010101,1,0,32.0,4.0,0.013483997249264842,0
221,101010110,1,0,23.0,3.0,0.0158113883008419,0
222,101010111,1,0,20.0,4.0,0.013483997249264842,0
223,101011000,2,0,12.0,0.5,0.2647580514910147,0
224,101011001,2,0,12.0,0.5,0.25835675968659555,0
225,101011010,2,0,12.0,0.5,0.2647580514910147,0
226,101011011,2,0,12.0,0.5,0.25835675968659555,0
227,101011100,1,0,18.0,1.0,0.15075567228888181,0
228,101011101,1,0,18.0,1.0,0.13483997249264842,0
229,101011110,1,0,18.0,1.0,0.15075567228888181,0
230,101011111,1,0,18.0,1.0,0.13483997249264842,0
231,101100001,3,0,18.666666666666668,1.6666666666666667,0.05018335517635409,1
232,101100010,3,0,20.333333333333332,1.6666666666666667,0.0507774169163697,1
233,101100011,3,0,14.666666666666666,1.6666666666666667,0.05018335517635409,1
234,101100100,1,0,52.0,1.0,0.028867513459481294,0
235,101100101,1,0,34.0,3.0,0.012909944487358058,0
236,101100110,1,0,39.0,3.0,0.018257418583505543,0
237,101100111,1,0,22.0,3.0,0.012909944487358058,0
238,101101000,2,0,12.0,0.5,0.2647580514910147,0
239,101101001,2,0,12.0,0.5,0.25363152238076525,0
240,101101010,2,0,12.0,0.5,0.2647580514910147,0
241,101101011,2,0,12.0,0.5,0.25363152238076525,0
242,101101100,1,0,18.0,1.0,0.15075567228888181,0
243,101101101,1,0,18.0,1.0,0.12309149097933275,0
244,101101110,1,0,18.0,1.0,0.15075567228888181,0
245,101101111,1,0,18.0,1.0,0.12309149097933275,0
246,101110000,2,0,23.5,1.5,0.033703882797784884,0
247,101110001,2,0,21.5,2.5,0.0304232614454664,0
248,101110010,2,0,17.0,2.0,0.031249999999999993,0
249,101110011,2,0,15.5,2.5,0.0304232614454664,0
250,101110100,1,0,36.0,2.0,0.021821789023599242,0
251,101110101,1,0,32.0,4.0,0.013483997249264842,0
252,101110110,1,0,23.0,3.0,0.0158113883008419,0
253,101110111,1,0,20.0,4.0,0.013483997249264842,0
254,101111000,2,0,12.0,0.5,0.2647580514910147,0
255,101111001,2,0,12.0,0.5,0.25835675968659555,0
256,101111010,2,0,12.0,0.5,0.2647580514910147,0
257,101111011,2,0,12.0,0.5,0.25835675968659555,0
258,101111100,1,0,18.0,1.0,0.15075567228888181,0
259,101111101,1,0,18.0,1.0,0.13483997249264842,0
260,101111110,1,0,18.0,1.0,0.15075567228888181,0
261,101111111,1,0,18.0,1.0,0.13483997249264842,0
262,110000011,3,0,14.666666666666666,1.6666666666666667,0.05018335517635409,1
263,110000101,1,0,34.0,3.0,0.012909944487358058,0
264,110000110,1,0,39.0,3.0,0.018257418583505543,0
265,110000111,1,0,22.0,3.0,0.012909944487358058,0
266,110001001,2,0,12.0,0.5,0.25363152238076525,0
267,110001010,2,0,12.0,0.5,0.2647580514910147,0
268,110001011,2,0,12.0,0.5,0.25363152238076525,0
269,110001100,1,0,18.0,1.0,0.15075567228888181,0
270,110001101,1,0,18.0,1.0,0.12309149097933275,0
271,110001110,1,0,18.0,1.0,0.15075567228888181,0
272,110001111,1,0,18.0,1.0,0.12309149097933275,0
273,110010001,2,0,21.5,2.5,0.0304232614454664,0
274,110010010,2,0,17.0,2.0,0.031249999999999993,0
275,110010011,2,0,15.5,2.5,0.0304232614454664,0
276,110010100,1,0,36.0,2.0,0.021821789023599242,0
277,110010101,1,0,32.0,4.0,0.013483997249264842,0
278,110010110,1,0,23.0,3.0,0.0158113883008419,0
279,110010111,1,0,20.0,4.0,0.013483997249264842,0
280,110011000,2,0,12.0,0.5,0.2647580514910147,0
281,110011001,2,0,12.0,0.5,0.25835675968659555,0
282,110011010,2,0,12.0,0.5,0.2647580514910147,0
283,110011011,2,0,12.0,0.5,0.25835675968659555,0
284,110011100,1,0,18.0,1.0,0.15075567228888181,0
285,110011101,1,0,18.0,1.0,0.13483997249264842,0
286,110011110,1,0,18.0,1.0,0.15075567228888181,0
287,110011111,1,0,18.0,1.0,0.13483997249264842,0
288,110100001,3,0,18.666666666666668,1.6666666666666667,0.05018335517635409,1
289,110100010,3,0,20.333333333333332,1.6666666666666667,0.0507774169163697,1
290,110100011,3,0,14.666666666666666,1.6666666666666667,0.05018335517635409,1
291,110100100,1,0,52.0,1.0,0.028867513459481294,0
292,110100101,1,0,34.0,3.0,0.012909944487358058,0
293,110100110,1,0,39.0,3.0,0.018257418583505543,0
294,110100111,1,0,22.0,3.0,0.012909944487358058,0
295,110101000,2,0,12.0,0.5,0.2647580514910147,0
296,110101001,2,0,12.0,0.5,0.25363152238076525,0
297,110101010,2,0,12.0,0.5,0.2647580514910147,0
298,110101011,2,0,12.0,0.5,0.25363152238076525,0
299,110101100,1,0,18.0,1.0,0.15075567228888181,0
300,110101101,1,0,18.0,1.0,0.12309149097933275,0
301,110101110,1,0,18.0,1.0,0.15075567228888181,0
302,110101111,1,0,18.0,1.0,0.12309149097933275,0
303,110110000,2,0,23.5,1.5,0.033703882797784884,0
304,110110001,2,0,21.5,2.5,0.0304232614454664,0
305,110110010,2,0,17.0,2.0,0.031249999999999993,0
306,110110011,2,0,15.5,2.5,0.0304232614454664,0
307,110110100,1,0,36.0,2.0,0.021821789023599242,0
308,110110101,1,0,32.0,4.0,0.013483997249264842,0
309,110110110,1,0,23.0,3.0,0.0158113883008419,0
310,110110111,1,0,20.0,4.0,0.013483997249264842,0
311,110111000,2,0,12.0,0.5,0.2647580514910147,0
312,110111001,2,0,12.0,0.5,0.25835675968659555,0
313,110111010,2,0,12.0,0.5,0.2647580514910147,0
314,110111011,2,0,12.0,0.5,0.25835675968659555,0
315,110111100,1,0,18.0,1.0,0.15075567228888181,0
316,110111101,1,0,18.0,1.0,0.13483997249264842,0
317,110111110,1,0,18.0,1.0,0.15075567228888181,0
318,110111111,1,0,18.0,1.0,0.13483997249264842,0
319,111000001,3,0,18.666666666666668,1.6666666666666667,0.05018335517635409,1
320,111000010,3,0,20.333333333333332,1.6666666666666667,0.0507774169163697,1
321,111000011,3,0,14.666666666666666,1.6666666666666667,0.05018335517635409,1
322,111000100,1,0,52.0,1.0,0.028867513459481294,0
323,111000101,1,0,34.0,3.0,0.012909944487358058,0
324,111000110,1,0,39.0,3.0,0.018257418583505543,0
325,111000111,1,0,22.0,3.0,0.012909944487358058,0
326,111001000,2,0,12.0,0.5,0.2647580514910147,0
327,111001001,2,0,12.0,0.5,0.25363152238076525,0
328,111001010,2,0,12.0,0.5,0.2647580514910147,0
329,111001011,2,0,12.0,0.5,0.25363152238076525,0
330,111001100,1,0,18.0,1.0,0.15075567228888181,0
331,111001101,1,0,18.0,1.0,0.12309149097933275,0
332,111001110,1,0,18.0,1.0,0.15075567228888181,0
333,111001111,1,0,18.0,1.0,0.12309149097933275,0
334,111010000,2,0,23.5,1.5,0.033703882797784884,0
335,111010001,2,0,21.5,2.5,0.0304232614454664,0
336,111010010,2,0,17.0,2.0,0.031249999999999993,0
337,111010011,2,0,15.5,2.5,0.0304232614454664,0
338,111010100,1,0,36.0,2.0,0.021821789023599242,0
339,111010101,1,0,32.0,4.0,0.013483997249264842,0
340,111010110,1,0,23.0,3.0,0.0158113883008419,0
341,111010111,1,0,20.0,4.0,0.013483997249264842,0
342,111011000,2,0,12.0,0.5,0.2647580514910147,0
343,111011001,2,0,12.0,0.5,0.25835675968659555,0
344,111011010,2,0,12.0,0.5,0.2647580514910147,0
345,111011011,2,0,12.0,0.5,0.25835675968659555,0
346,111011100,1,0,18.0,1.0,0.15075567228888181,0
347,111011101,1,0,18.0,1.0,0.13483997249264842,0
348,111011110,1,0,18.0,1.0,0.15075567228888181,0
349,111011111,1,0,18.0,1.0,0.13483997249264842,0
350,111100000,3,0,24.666666666666668,1.0,0.052696007634658724,1
351,111100001,3,0,18.666666666666668,1.6666666666666667,0.05018335517635409,1
352,111100010,3,0,20.333333333333332,1.6666666666666667,0.0507774169163697,1
353,111100011,3,0,14.666666666666666,1.6666666666666667,0.05018335517635409,1
354,111100100,1,0,52.0,1.0,0.028867513459481294,0
355,111100101,1,0,34.0,3.0,0.012909944487358058,0
356,111100110,1,0,39.0,3.0,0.018257418583505543,0
357,111100111,1,0,22.0,3.0,0.012909944487358058,0
358,111101000,2,0,12.0,0.5,0.2647580514910147,0
359,111101001,2,0,12.0,0.5,0.25363152238076525,0
360,111101010,2,0,12.0,0.5,0.2647580514910147,0
361,111101011,2,0,12.0,0.5,0.25363152238076525,0
362,111101100,1,0,18.0,1.0,0.15075567228888181,0
363,111101101,1,0,18.0,1.0,0.12309149097933275,0
364,111101110,1,0,18.0,1.0,0.15075567228888181,0
365,111101111,1,0,18.0,1.0,0.12309149097933275,0
366,111110000,2,0,23.5,1.5,0.033703882797784884,0
367,111110001,2,0,21.5,2.5,0.0304232614454664,0
368,111110010,2,0,17.0,2.0,0.031249999999999993,0
369,111110011,2,0,15.5,2.5,0.0304232614454664,0
370,111110100,1,0,36.0,2.0,0.021821789023599242,0
371,111110101,1,0,32.0,4.0,0.013483997249264842,0
372,111110110,1,0,23.0,3.0,0.0158113883008419,0
373,111110111,1,0,20.0,4.0,0.013483997249264842,0
374,111111000,2,0,12.0,0.5,0.2647580514910147,0
375,111111001,2,0,12.0,0.5,0.25835675968659555,0
376,111111010,2,0,12.0,0.5,0.2647580514910147,0
377,111111011,2,0,12.0,0.5,0.25835675968659555,0
378,111111100,1,0,18.0,1.0,0.15075567228888181,0
379,111111101,1,0,18.0,1.0,0.13483997249264842,0
380,111111110,1,0,18.0,1.0,0.15075567228888181,0
381,111111111,1,0,18.0,1.0,0.13483997249264842,0
382,000001111,1,1,14.0,5.0,0.280056016805602,0
383,000010111,1,1,14.0,5.0,0.30316953129541624,0
384,000011011,1,1,14.0,5.0,0.27668578554642986,0
385,000011101,1,1,14.0,5.0,0.29250896965085227,0
386,000011110,1,1,16.0,4.0,0.21650635094610968,0
387,000011111,1,1,14.0,5.0,0.29250896965085227,0
388,000100111,1,1,16.0,6.0,0.20000000000000007,1
389,000101011,1,1,14.0,5.0,0.26490647141300877,0
390,000101101,1,1,14.0,5.0,0.280056016805602,0
391,000101110,1,1,16.0,4.0,0.22499999999999998,0
392,000101111,1,1,14.0,5.0,0.280056016805602,0
393,000110011,1,1,14.0,5.0,0.2867696673382022,0
394,000110101,1,1,14.0,5.0,0.3499271061118826,0
395,000110110,1,1,16.0,4.0,0.21650635094610968,0
396,000110111,1,1,14.0,5.0,0.30316953129541624,0
397,000111001,1,1,14.0,5.0,0.27668578554642986,0
398,000111010,1,1,16.0,4.0,0.1846372364689991,0
399,000111011,1,1,14.0,5.0,0.27668578554642986,0
400,000111100,1,1,16.0,4.0,0.21650635094610968,0
401,000111101,1,1,14.0,5.0,0.29250896965085227,0
402,000111110,1,1,16.0,4.0,0.21650635094610968,0
403,000111111,1,1,14.0,5.0,0.29250896965085227,0
404,001000111,1,1,14.0,5.0,0.2886751345948129,0
405,001001011,1,1,14.0,5.0,0.26490647141300877,0
406,001001101,1,1,14.0,5.0,0.280056016805602,0
407,001001110,1,1,16.0,4.0,0.22499999999999998,0
408,001001111,1,1,14.0,5.0,0.280056016805602,0
409,001010011,2,1,11.0,4.5,0.39338483366910104,0
410,001010101,1,1,14.0,5.0,0.3499271061118826,0
411,001010110,1,1,16.0,4.0,0.21650635094610968,0
412,001010111,1,1,14.0,5.0,0.30316953129541624,0
413,001011001,1,1,14.0,5.0,0.27668578554642986,0
414,001011010,1,1,16.0,4.0,0.1846372364689991,0
415,001011011,1,1,14.0,5.0,0.27668578554642986,0
416,001011100,1,1,16.0,4.0,0.21650635094610968,0
417,001011101,1,1,14.0,5.0,0.29250896965085227,0
418,001011110,1,1,16.0,4.0,0.21650635094610968,0
419,001011111,1,1,14.0,5.0,0.29250896965085227,0
420,001100011,2,1,14.0,3.5,0.18361024843888468,0
421,001100101,1,1,16.0,7.0,0.0316227766016838,0
422,001100110,1,1,18.0,7.0,0.03481553119113957,0
423,001100111,1,1,14.0,5.0,0.2886751345948129,0
424,001101001,1,1,14.0,5.0,0.26490647141300877,0
425,001101010,1,1,16.0,4.0,0.19188064472004937,0
426,001101011,1,1,14.0,5.0,0.26490647141300877,0
427,001101100,1,1,16.0,4.0,0.22499999999999998,0
428,001101101,1,1,14.0,5.0,0.280056016805602,0
429,001101110,1,1,16.0,4.0,0.22499999999999998,0
430,001101111,1,1,14.0,5.0,0.280056016805602,0
431,001110001,1,1,14.0,5.0,0.33436692754521175,0
432,001110010,1,1,16.0,4.0,0.16984155512168939,0
433,001110011,1,1,14.0,5.0,0.2867696673382022,0
434,001110100,1,1,16.0,4.0,0.3674234614174767,1
435,001110101,1,1,14.0,5.0,0.3499271061118826,0
436,001110110,1,1,16.0,4.0,0.21650635094610968,0
437,001110111,1,1,14.0,5.0,0.30316953129541624,0
438,001111000,1,1,16.0,4.0,0.1846372364689991,0
439,001111001,1,1,14.0,5.0,0.27668578554642986,0
440,001111010,1,1,16.0,4.0,0.1846372364689991,0
441,001111011,1,1,14.0,5.0,0.27668578554642986,0
442,001111100,1,1,16.0,4.0,0.21650635094610968,0
443,001111101,1,1,14.0,5.0,0.29250896965085227,0
444,001111110,1,1,16.0,4.0,0.21650635094610968,0
445,001111111,1,1,14.0,5.0,0.29250896965085227,0
446,010000111,1,1,16.0,6.0,0.23763541031440188,1
447,010001011,1,1,14.0,5.0,0.26490647141300877,0
448,010001101,1,1,14.0,5.0,0.280056016805602,0
449,010001110,1,1,16.0,4.0,0.22499999999999998,0
450,010001111,1,1,14.0,5.0,0.280056016805602,0
451,010010011,2,1,11.0,4.5,0.39338483366910104,0
452,010010101,1,1,14.0,5.0,0.3499271061118826,0
453,010010110,1,1,16.0,4.0,0.2711088342345192,1
454,010010111,1,1,14.0,5.0,0.30316953129541624,0
455,010011001,1,1,14.0,5.0,0.27668578554642986,0
456,010011010,1,1,16.0,4.0,0.1846372364689991,0
457,010011011,1,1,14.0,5.0,0.27668578554642986,0
458,010011100,1,1,16.0,4.0,0.21650635094610968,0
459,010011101,1,1,14.0,5.0,0.29250896965085227,0
460,010011110,1,1,16.0,4.0,0.21650635094610968,0
461,010011111,1,1,14.0,5.0,0.29250896965085227,0
462,010100011,2,1,15.0,4.0,0.1341640786499874,1
463,010100101,1,1,32.0,9.0,0.029939247542604786,0
464,010100110,1,1,39.0,6.0,0.04338609156373124,0
465,010100111,1,1,16.0,6.0,0.20000000000000007,1
466,010101001,1,1,14.0,5.0,0.26490647141300877,0
467,010101010,1,1,16.0,4.0,0.19188064472004937,0
468,010101011,1,1,14.0,5.0,0.26490647141300877,0
469,010101100,1,1,16.0,4.0,0.22499999999999998,0
470,010101101,1,1,14.0,5.0,0.280056016805602,0
471,010101110,1,1,16.0,4.0,0.22499999999999998,0
472,010101111,1,1,14.0,5.0,0.280056016805602,0
473,010110001,1,1,14.0,5.0,0.33436692754521175,0
474,010110010,1,1,16.0,4.0,0.16984155512168939,0
475,010110011,1,1,14.0,5.0,0.2867696673382022,0
476,010110100,1,1,16.0,4.0,0.3674234614174767,1
477,010110101,1,1,14.0,5.0,0.3499271061118826,0
478,010110110,1,1,16.0,4.0,0.21650635094610968,0
479,010110111,1,1,14.0,5.0,0.30316953129541624,0
480,010111000,1,1,16.0,4.0,0.1846372364689991,0
481,010111001,1,1,14.0,5.0,0.27668578554642986,0
482,010111010,1,1,16.0,4.0,0.1846372364689991,0
483,010111011,1,1,14.0,5.0,0.27668578554642986,0
484,010111100,1,1,16.0,4.0,0.21650635094610968,0
485,010111101,1,1,14.0,5.0,0.29250896965085227,0
486,010111110,1,1,16.0,4.0,0.21650635094610968,0
487,010111111,1,1,14.0,5.0,0.29250896965085227,0
488,011000011,3,1,14.333333333333334,2.3333333333333335,0.1557401656259231,1
489,011000101,1,1,16.0,7.0,0.0316227766016838,0
490,011000110,1,1,18.0,7.0,0.03481553119113957,0
491,011000111,1,1,14.0,5.0,0.2886751345948129,0
492,011001001,1,1,14.0,5.0,0.26490647141300877,0
493,011001010,1,1,16.0,4.0,0.19188064472004937,0
494,011001011,1,1,14.0,5.0,0.26490647141300877,0
495,011001100,1,1,16.0,4.0,0.22499999999999998,0
496,011001101,1,1,14.0,5.0,0.280056016805602,0
497,011001110,1,1,16.0,4.0,0.22499999999999998,0
498,011001111,1,1,14.0,5.0,0.280056016805602,0
499,011010001,2,1,11.0,4.5,0.41718346377260584,0
500,011010010,2,1,12.0,4.0,0.33492077756084465,0
501,011010011,2,1,11.0,4.5,0.39338483366910104,0
502,011010100,1,1,16.0,4.0,0.3674234614174767,1
503,011010101,1,1,14.0,5.0,0.3499271061118826,0
504,011010110,1,1,16.0,4.0,0.21650635094610968,0
505,011010111,1,1,14.0,5.0,0.30316953129541624,0
506,011011000,1,1,16.0,4.0,0.1846372364689991,0
507,011011001,1,1,14.0,5.0,0.27668578554642986,0
508,011011010,1,1,16.0,4.0,0.1846372364689991,0
509,011011011,1,1,14.0,5.0,0.27668578554642986,0
510,011011100,1,1,16.0,4.0,0.21650635094610968,0
511,011011101,1,1,14.0,5.0,0.29250896965085227,0
512,011011110,1,1,16.0,4.0,0.21650635094610968,0
513,011011111,1,1,14.0,5.0,0.29250896965085227,0
514,011100001,2,1,15.0,4.5,0.055381395367776316,0
515,011100010,2,1,16.0,4.5,0.055442484898373744,0
516,011100011,2,1,14.0,3.5,0.18361024843888468,0
517,011100100,1,1,30.0,4.0,0.04961389383568338,0
518,011100101,1,1,16.0,7.0,0.0316227766016838,0
519,011100110,1,1,18.0,7.0,0.03481553119113957,0
520,011100111,1,1,14.0,5.0,0.2886751345948129,0
521,011101000,1,1,16.0,4.0,0.19188064472004937,0
522,011101001,1,1,14.0,5.0,0.26490647141300877,0
523,011101010,1,1,16.0,4.0,0.19188064472004937,0
524,011101011,1,1,14.0,5.0,0.26490647141300877,0
525,011101100,1,1,16.0,4.0,0.22499999999999998,0
526,011101101,1,1,14.0,5.0,0.280056016805602,0
527,011101110,1,1,16.0,4.0,0.22499999999999998,0
528,011101111,1,1,14.0,5.0,0.280056016805602,0
529,011110000,1,1,16.0,4.0,0.2882306768491569,1
530,011110001,1,1,14.0,5.0,0.33436692754521175,0
531,011110010,1,1,16.0,4.0,0.16984155512168939,0
532,011110011,1,1,14.0,5.0,0.2867696673382022,0
533,011110100,1,1,16.0,4.0,0.3674234614174767,1
534,011110101,1,1,14.0,5.0,0.3499271061118826,0
535,011110110,1,1,16.0,4.0,0.21650635094610968,0
536,011110111,1,1,14.0,5.0,0.30316953129541624,0
537,011111000,1,1,16.0,4.0,0.1846372364689991,0
538,011111001,1,1,14.0,5.0,0.27668578554642986,0
539,011111010,1,1,16.0,4.0,0.1846372364689991,0
540,011111011,1,1,14.0,5.0,0.27668578554642986,0
541,011111100,1,1,16.0,4.0,0.21650635094610968,0
542,011111101,1,1,14.0,5.0,0.29250896965085227,0
543,011111110,1,1,16.0,4.0,0.21650635094610968,0
544,011111111,1,1,14.0,5.0,0.29250896965085227,0
545,100000111,1,1,14.0,5.0,0.2886751345948129,0
546,100001011,1,1,14.0,5.0,0.26490647141300877,0
547,100001101,1,1,14.0,5.0,0.280056016805602,0
548,100001110,1,1,16.0,4.0,0.22499999999999998,0
549,100001111,1,1,14.0,5.0,0.280056016805602,0
550,100010011,1,1,14.0,5.0,0.2867696673382022,0
551,100010101,1,1,14.0,5.0,0.3499271061118826,0
552,100010110,1,1,16.0,4.0,0.21650635094610968,0
553,100010111,1,1,14.0,5.0,0.30316953129541624,0
554,100011001,1,1,14.0,5.0,0.27668578554642986,0
555,100011010,1,1,16.0,4.0,0.1846372364689991,0
556,100011011,1,1,14.0,5.0,0.27668578554642986,0
557,100011100,1,1,16.0,4.0,0.21650635094610968,0
558,100011101,1,1,14.0,5.0,0.29250896965085227,0
559,100011110,1,1,16.0,4.0,0.21650635094610968,0
560,100011111,1,1,14.0,5.0,0.29250896965085227,0
561,100100011,2,1,14.0,3.5,0.18361024843888468,0
562,100100101,1,1,16.0,7.0,0.0316227766016838,0
563,100100110,1,1,18.0,7.0,0.03481553119113957,0
564,100100111,1,1,14.0,5.0,0.2886751345948129,0
565,100101001,1,1,14.0,5.0,0.26490647141300877,0
566,100101010,1,1,16.0,4.0,0.19188064472004937,0
567,100101011,1,1,14.0,5.0,0.26490647141300877,0
568,100101100,1,1,16.0,4.0,0.22499999999999998,0
569,100101101,1,1,14.0,5.0,0.280056016805602,0
570,100101110,1,1,16.0,4.0,0.22499999999999998,0
571,100101111,1,1,14.0,5.0,0.280056016805602,0
572,100110001,1,1,14.0,5.0,0.33436692754521175,0
573,100110010,1,1,16.0,4.0,0.16984155512168939,0
574,100110011,1,1,14.0,5.0,0.2867696673382022,0
575,100110100,1,1,16.0,4.0,0.3674234614174767,1
576,100110101,1,1,14.0,5.0,0.3499271061118826,0
577,100110110,1,1,16.0,4.0,0.21650635094610968,0
578,100110111,1,1,14.0,5.0,0.30316953129541624,0
579,100111000,1,1,16.0,4.0,0.1846372364689991,0
580,100111001,1,1,14.0,5.0,0.27668578554642986,0
581,100111010,1,1,16.0,4.0,0.1846372364689991,0
582,100111011,1,1,14.0,5.0,0.27668578554642986,0
583,100111100,1,1,16.0,4.0,0.21650635094610968,0
584,100111101,1,1,14.0,5.0,0.29250896965085227,0
585,100111110,1,1,16.0,4.0,0.21650635094610968,0
586,100111111,1,1,14.0,5.0,0.29250896965085227,0
587,101000011,2,1,14.0,3.5,0.18361024843888468,0
588,101000101,1,1,16.0,7.0,0.0316227766016838,0
589,101000110,1,1,18.0,7.0,0.03481553119113957,0
590,101000111,1,1,14.0,5.0,0.2886751345948129,0
591,101001001,1,1,14.0,5.0,0.26490647141300877,0
592,101001010,1,1,16.0,4.0,0.19188064472004937,0
593,101001011,1,1,14.0,5.0,0.26490647141300877,0
594,101001100,1,1,16.0,4.0,0.22499999999999998,0
595,101001101,1,1,14.0,5.0,0.280056016805602,0
596,101001110,1,1,16.0,4.0,0.22499999999999998,0
597,101001111,1,1,14.0,5.0,0.280056016805602,0
598,101010001,1,1,14.0,5.0,0.33436692754521175,0
599,101010010,1,1,16.0,4.0,0.16984155512168939,0
600,101010011,1,1,14.0,5.0,0.2867696673382022,0
601,101010100,1,1,16.0,4.0,0.3674234614174767,1
602,101010101,1,1,14.0,5.0,0.3499271061118826,0
603,101010110,1,1,16.0,4.0,0.21650635094610968,0
604,101010111,1,1,14.0,5.0,0.30316953129541624,0
605,101011000,1,1,16.0,4.0,0.1846372364689991,0
606,101011001,1,1,14.0,5.0,0.27668578554642986,0
607,101011010,1,1,16.0,4.0,0.1846372364689991,0
608,101011011,1,1,14.0,5.0,0.27668578554642986,0
609,101011100,1,1,16.0,4.0,0.21650635094610968,0
610,101011101,1,1,14.0,5.0,0.29250896965085227,0
611,101011110,1,1,16.0,4.0,0.21650635094610968,0
612,101011111,1,1,14.0,5.0,0.29250896965085227,0
613,101100001,2,1,15.0,4.5,0.055381395367776316,0
614,101100010,2,1,16.0,4.5,0.055442484898373744,0
615,101100011,2,1,14.0,3.5,0.18361024843888468,0
616,101100100,1,1,30.0,4.0,0.04961389383568338,0
617,101100101,1,1,16.0,7.0,0.0316227766016838,0
618,101100110,1,1,18.0,7.0,0.03481553119113957,0
619,101100111,1,1,14.0,5.0,0.2886751345948129,0
620,101101000,1,1,16.0,4.0,0.19188064472004937,0
621,101101001,1,1,14.0,5.0,0.26490647141300877,0
622,101101010,1,1,16.0,4.0,0.19188064472004937,0
623,101101011,1,1,14.0,5.0,0.26490647141300877,0
624,101101100,1,1,16.0,4.0,0.22499999999999998,0
625,101101101,1,1,14.0,5.0,0.280056016805602,0
626,101101110,1,1,16.0,4.0,0.22499999999999998,0
627,101101111,1,1,14.0,5.0,0.280056016805602,0
628,101110000,1,1,16.0,4.0,0.2882306768491569,1
629,101110001,1,1,14.0,5.0,0.33436692754521175,0
630,101110010,1,1,16.0,4.0,0.16984155512168939,0
631,101110011,1,1,14.0,5.0,0.2867696673382022,0
632,101110100,1,1,16.0,4.0,0.3674234614174767,1
633,101110101,1,1,14.0,5.0,0.3499271061118826,0
634,101110110,1,1,16.0,4.0,0.21650635094610968,0
635,101110111,1,1,14.0,5.0,0.30316953129541624,0
636,101111000,1,1,16.0,4.0,0.1846372364689991,0
637,101111001,1,1,14.0,5.0,0.27668578554642986,0
638,101111010,1,1,16.0,4.0,0.1846372364689991,0
639,101111011,1,1,14.0,5.0,0.27668578554642986,0
640,101111100,1,1,16.0,4.0,0.21650635094610968,0
641,101111101,1,1,14.0,5.0,0.29250896965085227,0
642,101111110,1,1,16.0,4.0,0.21650635094610968,0
643,101111111,1,1,14.0,5.0,0.29250896965085227,0
644,110000011,2,1,14.0,3.5,0.18361024843888468,0
645,110000101,1,1,16.0,7.0,0.0316227766016838,0
646,110000110,1,1,18.0,7.0,0.03481553119113957,0
647,110000111,1,1,14.0,5.0,0.2886751345948129,0
648,110001001,1,1,14.0,5.0,0.26490647141300877,0
649,110001010,1,1,16.0,4.0,0.19188064472004937,0
650,110001011,1,1,14.0,5.0,0.26490647141300877,0
651,110001100,1,1,16.0,4.0,0.22499999999999998,0
652,110001101,1,1,14.0,5.0,0.280056016805602,0
653,110001110,1,1,16.0,4.0,0.22499999999999998,0
654,110001111,1,1,14.0,5.0,0.280056016805602,0
655,110010001,1,1,14.0,5.0,0.33436692754521175,0
656,110010010,1,1,16.0,4.0,0.16984155512168939,0
657,110010011,1,1,14.0,5.0,0.2867696673382022,0
658,110010100,1,1,16.0,4.0,0.3674234614174767,1
659,110010101,1,1,14.0,5.0,0.3499271061118826,0
660,110010110,1,1,16.0,4.0,0.21650635094610968,0
661,110010111,1,1,14.0,5.0,0.30316953129541624,0
662,110011000,1,1,16.0,4.0,0.1846372364689991,0
663,110011001,1,1,14.0,5.0,0.27668578554642986,0
664,110011010,1,1,16.0,4.0,0.1846372364689991,0
665,110011011,1,1,14.0,5.0,0.27668578554642986,0
666,110011100,1,1,16.0,4.0,0.21650635094610968,0
667,110011101,1,1,14.0,5.0,0.29250896965085227,0
668,110011110,1,1,16.0,4.0,0.21650635094610968,0
669,110011111,1,1,14.0,5.0,0.29250896965085227,0
670,110100001,2,1,15.0,4.5,0.055381395367776316,0
671,110100010,2,1,16.0,4.5,0.055442484898373744,0
672,110100011,2,1,14.0,3.5,0.18361024843888468,0
673,110100100,1,1,30.0,4.0,0.04961389383568338,0
674,110100101,1,1,16.0,7.0,0.0316227766016838,0
675,110100110,1,1,18.0,7.0,0.03481553119113957,0
676,110100111,1,1,14.0,5.0,0.2886751345948129,0
677,110101000,1,1,16.0,4.0,0.19188064472004937,0
678,110101001,1,1,14.0,5.0,0.26490647141300877,0
679,110101010,1,1,16.0,4.0,0.19188064472004937,0
680,110101011,1,1,14.0,5.0,0.26490647141300877,0
681,110101100,1,1,16.0,4.0,0.22499999999999998,0
682,110101101,1,1,14.0,5.0,0.280056016805602,0
683,110101110,1,1,16.0,4.0,0.22499999999999998,0
684,110101111,1,1,14.0,5.0,0.280056016805602,0
685,110110000,1,1,16.0,4.0,0.2882306768491569,1
686,110110001,1,1,14.0,5.0,0.33436692754521175,0
687,110110010,1,1,16.0,4.0,0.16984155512168939,0
688,110110011,1,1,14.0,5.0,0.2867696673382022,0
689,110110100,1,1,16.0,4.0,0.3674234614174767,1
690,110110101,1,1,14.0,5.0,0.3499271061118826,0
691,110110110,1,1,16.0,4.0,0.21650635094610968,0
692,110110111,1,1,14.0,5.0,0.30316953129541624,0
693,110111000,1,1,16.0,4.0,0.1846372364689991,0
694,110111001,1,1,14.0,5.0,0.27668578554642986,0
695,110111010,1,1,16.0,4.0,0.1846372364689991,0
696,110111011,1,1,14.0,5.0,0.27668578554642986,0
697,110111100,1,1,16.0,4.0,0.21650635094610968,0
698,110111101,1,1,14.0,5.0,0.29250896965085227,0
699,110111110,1,1,16.0,4.0,0.21650635094610968,0
700,110111111,1,1,14.0,5.0,0.29250896965085227,0
701,111000001,2,1,15.0,4.5,0.055381395367776316,0
702,111000010,2,1,16.0,4.5,0.055442484898373744,0
703,111000011,2,1,14.0,3.5,0.18361024843888468,0
704,111000100,1,1,30.0,4.0,0.04961389383568338,0
705,111000101,1,1,16.0,7.0,0.0316227766016838,0
706,111000110,1,1,18.0,7.0,0.03481553119113957,0
707,111000111,1,1,14.0,5.0,0.2886751345948129,0
708,111001000,1,1,16.0,4.0,0.19188064472004937,0
709,111001001,1,1,14.0,5.0,0.26490647141300877,0
710,111001010,1,1,16.0,4.0,0.19188064472004937,0
711,111001011,1,1,14.0,5.0,0.26490647141300877,0
712,111001100,1,1,16.0,4.0,0.22499999999999998,0
713,111001101,1,1,14.0,5.0,0.280056016805602,0
714,111001110,1,1,16.0,4.0,0.22499999999999998,0
715,111001111,1,1,14.0,5.0,0.280056016805602,0
716,111010000,1,1,16.0,4.0,0.2882306768491569,1
717,111010001,1,1,14.0,5.0,0.33436692754521175,0
718,111010010,1,1,16.0,4.0,0.16984155512168939,0
719,111010011,1,1,14.0,5.0,0.2867696673382022,0
720,111010100,1,1,16.0,4.0,0.3674234614174767,1
721,111010101,1,1,14.0,5.0,0.3499271061118826,0
722,111010110,1,1,16.0,4.0,0.21650635094610968,0
723,111010111,1,1,14.0,5.0,0.30316953129541624,0
724,111011000,1,1,16.0,4.0,0.1846372364689991,0
725,111011001,1,1,14.0,5.0,0.27668578554642986,0
726,111011010,1,1,16.0,4.0,0.1846372364689991,0
727,111011011,1,1,14.0,5.0,0.27668578554642986,0
728,111011100,1,1,16.0,4.0,0.21650635094610968,0
729,111011101,1,1,14.0,5.0,0.29250896965085227,0
730,111011110,1,1,16.0,4.0,0.21650635094610968,0
731,111011111,1,1,14.0,5.0,0.29250896965085227,0
732,111100000,2,1,22.0,3.0,0.06078574612804577,0
733,111100001,2,1,15.0,4.5,0.055381395367776316,0
734,111100010,2,1,16.0,4.5,0.055442484898373744,0
735,111100011,2,1,14.0,3.5,0.18361024843888468,0
736,111100100,1,1,30.0,4.0,0.04961389383568338,0
737,111100101,1,1,16.0,7.0,0.0316227766016838,0
738,111100110,1,1,18.0,7.0,0.03481553119113957,0
739,111100111,1,1,14.0,5.0,0.2886751345948129,0
740,111101000,1,1,16.0,4.0,0.19188064472004937,0
741,111101001,1,1,14.0,5.0,0.26490647141300877,0
742,111101010,1,1,16.0,4.0,0.19188064472004937,0
743,111101011,1,1,14.0,5.0,0.26490647141300877,0
744,111101100,1,1,16.0,4.0,0.22499999999999998,0
745,111101101,1,1,14.0,5.0,0.280056016805602,0
746,111101110,1,1,16.0,4.0,0.22499999999999998,0
747,111101111,1,1,14.0,5.0,0.280056016805602,0
748,111110000,1,1,16.0,4.0,0.2882306768491569,1
749,111110001,1,1,14.0,5.0,0.33436692754521175,0
750,111110010,1,1,16.0,4.0,0.16984155512168939,0
751,111110011,1,1,14.0,5.0,0.2867696673382022,0
752,111110100,1,1,16.0,4.0,0.3674234614174767,1
753,111110101,1,1,14.0,5.0,0.3499271061118826,0
754,111110110,1,1,16.0,4.0,0.21650635094610968,0
755,111110111,1,1,14.0,5.0,0.30316953129541624,0
756,111111000,1,1,16.0,4.0,0.1846372364689991,0
757,111111001,1,1,14.0,5.0,0.27668578554642986,0
758,111111010,1,1,16.0,4.0,0.1846372364689991,0
759,111111011,1,1,14.0,5.0,0.27668578554642986,0
760,111111100,1,1,16.0,4.0,0.21650635094610968,0
761,111111101,1,1,14.0,5.0,0.29250896965085227,0
762,111111110,1,1,16.0,4.0,0.21650635094610968,0
763,111111111,1,1,14.0,5.0,0.29250896965085227,0
764,000001111,1,2,14.0,5.0,0.280056016805602,0
765,000010111,1,2,14.0,5.0,0.30316953129541624,0
766,000011011,1,2,14.0,5.0,0.27668578554642986,0
767,000011101,1,2,14.0,5.0,0.29250896965085227,0
768,000011110,1,2,16.0,4.0,0.21650635094610968,0
769,000011111,1,2,14.0,5.0,0.29250896965085227,0
770,000100111,1,2,14.0,5.0,0.3572172541558802,0
771,000101011,1,2,14.0,5.0,0.26490647141300877,0
772,000101101,1,2,14.0,5.0,0.280056016805602,0
773,000101110,1,2,16.0,4.0,0.22499999999999998,0
774,000101111,1,2,14.0,5.0,0.280056016805602,0
775,000110011,1,2,14.0,5.0,0.2867696673382022,0
776,000110101,1,2,14.0,5.0,0.3499271061118826,0
777,000110110,1,2,16.0,4.0,0.21650635094610968,0
778,000110111,1,2,14.0,5.0,0.30316953129541624,0
779,000111001,1,2,14.0,5.0,0.27668578554642986,0
780,000111010,1,2,16.0,4.0,0.1846372364689991,0
781,000111011,1,2,14.0,5.0,0.27668578554642986,0
782,000111100,1,2,16.0,4.0,0.21650635094610968,0
783,000111101,1,2,14.0,5.0,0.29250896965085227,0
784,000111110,1,2,16.0,4.0,0.21650635094610968,0
785,000111111,1,2,14.0,5.0,0.29250896965085227,0
786,001000111,1,2,14.0,5.0,0.2886751345948129,0
787,001001011,1,2,14.0,5.0,0.26490647141300877,0
788,001001101,1,2,14.0,5.0,0.280056016805602,0
789,001001110,1,2,16.0,4.0,0.22499999999999998,0
790,001001111,1,2,14.0,5.0,0.280056016805602,0
791,001010011,2,2,10.5,4.5,0.39338483366910104,0
792,001010101,1,2,14.0,5.0,0.3499271061118826,0
793,001010110,1,2,16.0,4.0,0.21650635094610968,0
794,001010111,1,2,14.0,5.0,0.30316953129541624,0
795,001011001,1,2,14.0,5.0,0.27668578554642986,0
796,001011010,1,2,16.0,4.0,0.1846372364689991,0
797,001011011,1,2,14.0,5.0,0.27668578554642986,0
798,001011100,1,2,16.0,4.0,0.21650635094610968,0
799,001011101,1,2,14.0,5.0,0.29250896965085227,0
800,001011110,1,2,16.0,4.0,0.21650635094610968,0
801,001011111,1,2,14.0,5.0,0.29250896965085227,0
802,001100011,2,2,13.0,4.0,0.1863230537914146,0
803,001100101,1,2,14.0,5.0,0.3628873693012116,0
804,001100110,1,2,16.0,4.0,0.2886751345948129,1
805,001100111,1,2,14.0,5.0,0.2886751345948129,0
806,001101001,1,2,14.0,5.0,0.26490647141300877,0
807,001101010,1,2,16.0,4.0,0.19188064472004937,0
808,001101011,1,2,14.0,5.0,0.26490647141300877,0
809,001101100,1,2,16.0,4.0,0.22499999999999998,0
810,001101101,1,2,14.0,5.0,0.280056016805602,0
811,001101110,1,2,16.0,4.0,0.22499999999999998,0
812,001101111,1,2,14.0,5.0,0.280056016805602,0
813,001110001,1,2,14.0,5.0,0.33436692754521175,0
814,001110010,1,2,16.0,4.0,0.16984155512168939,0
815,001110011,1,2,14.0,5.0,0.2867696673382022,0
816,001110100,1,2,16.0,4.0,0.3674234614174767,1
817,001110101,1,2,14.0,5.0,0.3499271061118826,0
818,001110110,1,2,16.0,4.0,0.21650635094610968,0
819,001110111,1,2,14.0,5.0,0.30316953129541624,0
820,001111000,1,2,16.0,4.0,0.1846372364689991,0
821,001111001,1,2,14.0,5.0,0.27668578554642986,0
822,001111010,1,2,16.0,4.0,0.1846372364689991,0
823,001111011,1,2,14.0,5.0,0.27668578554642986,0
824,001111100,1,2,16.0,4.0,0.21650635094610968,0
825,001111101,1,2,14.0,5.0,0.29250896965085227,0
826,001111110,1,2,16.0,4.0,0.21650635094610968,0
827,001111111,1,2,14.0,5.0,0.29250896965085227,0
828,010000111,1,2,14.0,5.0,0.3572172541558802,0
829,010001011,1,2,14.0,5.0,0.26490647141300877,0
830,010001101,1,2,14.0,5.0,0.280056016805602,0
831,010001110,1,2,16.0,4.0,0.22499999999999998,0
832,010001111,1,2,14.0,5.0,0.280056016805602,0
833,010010011,2,2,10.5,4.5,0.39338483366910104,0
834,010010101,1,2,14.0,5.0,0.3499271061118826,0
835,010010110,1,2,16.0,4.0,0.2711088342345192,1
836,010010111,1,2,14.0,5.0,0.30316953129541624,0
837,010011001,1,2,14.0,5.0,0.27668578554642986,0
838,010011010,1,2,16.0,4.0,0.1846372364689991,0
839,010011011,1,2,14.0,5.0,0.27668578554642986,0
840,010011100,1,2,16.0,4.0,0.21650635094610968,0
841,010011101,1,2,14.0,5.0,0.29250896965085227,0
842,010011110,1,2,16.0,4.0,0.21650635094610968,0
843,010011111,1,2,14.0,5.0,0.29250896965085227,0
844,010100011,2,2,13.0,4.0,0.21727572002421508,0
845,010100101,1,2,17.0,7.0,0.05262348115842176,1
846,010100110,1,2,24.0,7.0,0.06067798762169179,0
847,010100111,1,2,14.0,5.0,0.3572172541558802,0
848,010101001,1,2,14.0,5.0,0.26490647141300877,0
849,010101010,1,2,16.0,4.0,0.19188064472004937,0
850,010101011,1,2,14.0,5.0,0.26490647141300877,0
851,010101100,1,2,16.0,4.0,0.22499999999999998,0
852,010101101,1,2,14.0,5.0,0.280056016805602,0
853,010101110,1,2,16.0,4.0,0.22499999999999998,0
854,010101111,1,2,14.0,5.0,0.280056016805602,0
855,010110001,1,2,14.0,5.0,0.33436692754521175,0
856,010110010,1,2,16.0,4.0,0.16984155512168939,0
857,010110011,1,2,14.0,5.0,0.2867696673382022,0
858,010110100,1,2,16.0,4.0,0.3674234614174767,1
859,010110101,1,2,14.0,5.0,0.3499271061118826,0
860,010110110,1,2,16.0,4.0,0.21650635094610968,0
861,010110111,1,2,14.0,5.0,0.30316953129541624,0
862,010111000,1,2,16.0,4.0,0.1846372364689991,0
863,010111001,1,2,14.0,5.0,0.27668578554642986,0
864,010111010,1,2,16.0,4.0,0.1846372364689991,0
865,010111011,1,2,14.0,5.0,0.27668578554642986,0
866,010111100,1,2,16.0,4.0,0.21650635094610968,0
867,010111101,1,2,14.0,5.0,0.29250896965085227,0
868,010111110,1,2,16.0,4.0,0.21650635094610968,0
869,010111111,1,2,14.0,5.0,0.29250896965085227,0
870,011000011,3,2,13.333333333333334,2.6666666666666665,0.15754870252760975,1
871,011000101,1,2,14.0,5.0,0.3628873693012116,0
872,011000110,1,2,16.0,4.0,0.2886751345948129,1
873,011000111,1,2,14.0,5.0,0.2886751345948129,0
874,011001001,1,2,14.0,5.0,0.26490647141300877,0
875,011001010,1,2,16.0,4.0,0.19188064472004937,0
876,011001011,1,2,14.0,5.0,0.26490647141300877,0
877,011001100,1,2,16.0,4.0,0.22499999999999998,0
878,011001101,1,2,14.0,5.0,0.280056016805602,0
879,011001110,1,2,16.0,4.0,0.22499999999999998,0
880,011001111,1,2,14.0,5.0,0.280056016805602,0
881,011010001,2,2,10.5,4.5,0.41718346377260584,0
882,011010010,2,2,11.5,4.0,0.33492077756084465,0
883,011010011,2,2,10.5,4.5,0.39338483366910104,0
884,011010100,1,2,16.0,4.0,0.3674234614174767,1
885,011010101,1,2,14.0,5.0,0.3499271061118826,0
886,011010110,1,2,16.0,4.0,0.21650635094610968,0
887,011010111,1,2,14.0,5.0,0.30316953129541624,0
888,011011000,1,2,16.0,4.0,0.1846372364689991,0
889,011011001,1,2,14.0,5.0,0.27668578554642986,0
890,011011010,1,2,16.0,4.0,0.1846372364689991,0
891,011011011,1,2,14.0,5.0,0.27668578554642986,0
892,011011100,1,2,16.0,4.0,0.21650635094610968,0
893,011011101,1,2,14.0,5.0,0.29250896965085227,0
894,011011110,1,2,16.0,4.0,0.21650635094610968,0
895,011011111,1,2,14.0,5.0,0.29250896965085227,0
896,011100001,2,2,13.0,4.0,0.21155615287496937,0
897,011100010,2,2,14.0,3.5,0.1377235547168526,0
898,011100011,2,2,13.0,4.0,0.1863230537914146,0
899,011100100,1,2,16.0,4.0,0.42426406871192845,1
900,011100101,1,2,14.0,5.0,0.3628873693012116,0
901,011100110,1,2,16.0,4.0,0.2886751345948129,1
902,011100111,1,2,14.0,5.0,0.2886751345948129,0
903,011101000,1,2,16.0,4.0,0.19188064472004937,0
904,011101001,1,2,14.0,5.0,0.26490647141300877,0
905,011101010,1,2,16.0,4.0,0.19188064472004937,0
906,011101011,1,2,14.0,5.0,0.26490647141300877,0
907,011101100,1,2,16.0,4.0,0.22499999999999998,0
908,011101101,1,2,14.0,5.0,0.280056016805602,0
909,011101110,1,2,16.0,4.0,0.22499999999999998,0
910,011101111,1,2,14.0,5.0,0.280056016805602,0
911,011110000,1,2,16.0,4.0,0.2882306768491569,1
912,011110001,1,2,14.0,5.0,0.33436692754521175,0
913,011110010,1,2,16.0,4.0,0.16984155512168939,0
914,011110011,1,2,14.0,5.0,0.2867696673382022,0
915,011110100,1,2,16.0,4.0,0.3674234614174767,1
916,011110101,1,2,14.0,5.0,0.3499271061118826,0
917,011110110,1,2,16.0,4.0,0.21650635094610968,0
918,011110111,1,2,14.0,5.0,0.30316953129541624,0
919,011111000,1,2,16.0,4.0,0.1846372364689991,0
920,011111001,1,2,14.0,5.0,0.27668578554642986,0
921,011111010,1,2,16.0,4.0,0.1846372364689991,0
922,011111011,1,2,14.0,5.0,0.27668578554642986,0
923,011111100,1,2,16.0,4.0,0.21650635094610968,0
924,011111101,1,2,14.0,5.0,0.29250896965085227,0
925,011111110,1,2,16.0,4.0,0.21650635094610968,0
926,011111111,1,2,14.0,5.0,0.29250896965085227,0
927,100000111,1,2,14.0,5.0,0.2886751345948129,0
928,100001011,1,2,14.0,5.0,0.26490647141300877,0
929,100001101,1,2,14.0,5.0,0.280056016805602,0
930,100001110,1,2,16.0,4.0,0.22499999999999998,0
931,100001111,1,2,14.0,5.0,0.280056016805602,0
932,100010011,1,2,14.0,5.0,0.2867696673382022,0
933,100010101,1,2,14.0,5.0,0.3499271061118826,0
934,100010110,1,2,16.0,4.0,0.21650635094610968,0
935,100010111,1,2,14.0,5.0,0.30316953129541624,0
936,100011001,1,2,14.0,5.0,0.27668578554642986,0
937,100011010,1,2,16.0,4.0,0.1846372364689991,0
938,100011011,1,2,14.0,5.0,0.27668578554642986,0
939,100011100,1,2,16.0,4.0,0.21650635094610968,0
940,100011101,1,2,14.0,5.0,0.29250896965085227,0
941,100011110,1,2,16.0,4.0,0.21650635094610968,0
942,100011111,1,2,14.0,5.0,0.29250896965085227,0
943,100100011,2,2,13.0,4.0,0.1863230537914146,0
944,100100101,1,2,14.0,5.0,0.3628873693012116,0
945,100100110,1,2,16.0,4.0,0.2886751345948129,1
946,100100111,1,2,14.0,5.0,0.2886751345948129,0
947,100101001,1,2,14.0,5.0,0.26490647141300877,0
948,100101010,1,2,16.0,4.0,0.19188064472004937,0
949,100101011,1,2,14.0,5.0,0.26490647141300877,0
950,100101100,1,2,16.0,4.0,0.22499999999999998,0
951,100101101,1,2,14.0,5.0,0.280056016805602,0
952,100101110,1,2,16.0,4.0,0.22499999999999998,0
953,100101111,1,2,14.0,5.0,0.280056016805602,0
954,100110001,1,2,14.0,5.0,0.33436692754521175,0
955,100110010,1,2,16.0,4.0,0.16984155512168939,0
956,100110011,1,2,14.0,5.0,0.2867696673382022,0
957,100110100,1,2,16.0,4.0,0.3674234614174767,1
958,100110101,1,2,14.0,5.0,0.3499271061118826,0
959,100110110,1,2,16.0,4.0,0.21650635094610968,0
960,100110111,1,2,14.0,5.0,0.30316953129541624,0
961,100111000,1,2,16.0,4.0,0.1846372364689991,0
962,100111001,1,2,14.0,5.0,0.27668578554642986,0
963,100111010,1,2,16.0,4.0,0.1846372364689991,0
964,100111011,1,2,14.0,5.0,0.27668578554642986,0
965,100111100,1,2,16.0,4.0,0.21650635094610968,0
966,100111101,1,2,14.0,5.0,0.29250896965085227,0
967,100111110,1,2,16.0,4.0,0.21650635094610968,0
968,100111111,1,2,14.0,5.0,0.29250896965085227,0
969,101000011,2,2,13.0,4.0,0.1863230537914146,0
970,101000101,1,2,14.0,5.0,0.3628873693012116,0
971,101000110,1,2,16.0,4.0,0.2886751345948129,1
972,101000111,1,2,14.0,5.0,0.2886751345948129,0
973,101001001,1,2,14.0,5.0,0.26490647141300877,0
974,101001010,1,2,16.0,4.0,0.19188064472004937,0
975,101001011,1,2,14.0,5.0,0.26490647141300877,0
976,101001100,1,2,16.0,4.0,0.22499999999999998,0
977,101001101,1,2,14.0,5.0,0.280056016805602,0
978,101001110,1,2,16.0,4.0,0.22499999999999998,0
979,101001111,1,2,14.0,5.0,0.280056016805602,0
980,101010001,1,2,14.0,5.0,0.33436692754521175,0
981,101010010,1,2,16.0,4.0,0.16984155512168939,0
982,101010011,1,2,14.0,5.0,0.2867696673382022,0
983,101010100,1,2,16.0,4.0,0.3674234614174767,1
984,101010101,1,2,14.0,5.0,0.3499271061118826,0
985,101010110,1,2,16.0,4.0,0.21650635094610968,0
986,101010111,1,2,14.0,5.0,0.30316953129541624,0
987,101011000,1,2,16.0,4.0,0.1846372364689991,0
988,101011001,1,2,14.0,5.0,0.27668578554642986,0
989,101011010,1,2,16.0,4.0,0.1846372364689991,0
990,101011011,1,2,14.0,5.0,0.27668578554642986,0
991,101011100,1,2,16.0,4.0,0.21650635094610968,0
992,101011101,1,2,14.0,5.0,0.29250896965085227,0
993,101011110,1,2,16.0,4.0,0.21650635094610968,0
994,101011111,1,2,14.0,5.0,0.29250896965085227,0
995,101100001,2,2,13.0,4.0,0.21155615287496937,0
996,101100010,2,2,14.0,3.5,0.1377235547168526,0
997,101100011,2,2,13.0,4.0,0.1863230537914146,0
998,101100100,1,2,16.0,4.0,0.42426406871192845,1
999,101100101,1,2,14.0,5.0,0.3628873693012116,0
1000,101100110,1,2,16.0,4.0,0.2886751345948129,1
1001,101100111,1,2,14.0,5.0,0.2886751345948129,0
1002,101101000,1,2,16.0,4.0,0.19188064472004937,0
1003,101101001,1,2,14.0,5.0,0.26490647141300877,0
1004,101101010,1,2,16.0,4.0,0.19188064472004937,0
1005,101101011,1,2,14.0,5.0,0.26490647141300877,0
1006,101101100,1,2,16.0,4.0,0.22499999999999998,0
1007,101101101,1,2,14.0,5.0,0.280056016805602,0
1008,101101110,1,2,16.0,4.0,0.22499999999999998,0
1009,101101111,1,2,14.0,5.0,0.280056016805602,0
1010,101110000,1,2,16.0,4.0,0.2882306768491569,1
1011,101110001,1,2,14.0,5.0,0.33436692754521175,0
1012,101110010,1,2,16.0,4.0,0.16984155512168939,0
1013,101110011,1,2,14.0,5.0,0.2867696673382022,0
1014,101110100,1,2,16.0,4.0,0.3674234614174767,1
1015,101110101,1,2,14.0,5.0,0.3499271061118826,0
1016,101110110,1,2,16.0,4.0,0.21650635094610968,0
1017,101110111,1,2,14.0,5.0,0.30316953129541624,0
1018,101111000,1,2,16.0,4.0,0.1846372364689991,0
1019,101111001,1,2,14.0,5.0,0.27668578554642986,0
1020,101111010,1,2,16.0,4.0,0.1846372364689991,0
1021,101111011,1,2,14.0,5.0,0.27668578554642986,0
1022,101111100,1,2,16.0,4.0,0.21650635094610968,0
1023,101111101,1,2,14.0,5.0,0.29250896965085227,0
1024,101111110,1,2,16.0,4.0,0.21650635094610968,0
1025,101111111,1,2,14.0,5.0,0.29250896965085227,0
1026,110000011,2,2,13.0,4.0,0.1863230537914146,0
1027,110000101,1,2,14.0,5.0,0.3628873693012116,0
1028,110000110,1,2,16.0,4.0,0.2886751345948129,1
1029,110000111,1,2,14.0,5.0,0.2886751345948129,0
1030,110001001,1,2,14.0,5.0,0.26490647141300877,0
1031,110001010,1,2,16.0,4.0,0.19188064472004937,0
1032,110001011,1,2,14.0,5.0,0.26490647141300877,0
1033,110001100,1,2,16.0,4.0,0.22499999999999998,0
1034,110001101,1,2,14.0,5.0,0.280056016805602,0
1035,110001110,1,2,16.0,4.0,0.22499999999999998,0
1036,110001111,1,2,14.0,5.0,0.280056016805602,0
1037,110010001,1,2,14.0,5.0,0.33436692754521175,0
1038,110010010,1,2,16.0,4.0,0.16984155512168939,0
1039,110010011,1,2,14.0,5.0,0.2867696673382022,0
1040,110010100,1,2,16.0,4.0,0.3674234614174767,1
1041,110010101,1,2,14.0,5.0,0.3499271061118826,0
1042,110010110,1,2,16.0,4.0,0.21650635094610968,0
1043,110010111,1,2,14.0,5.0,0.30316953129541624,0
1044,110011000,1,2,16.0,4.0,0.1846372364689991,0
1045,110011001,1,2,14.0,5.0,0.27668578554642986,0
1046,110011010,1,2,16.0,4.0,0.1846372364689991,0
1047,110011011,1,2,14.0,5.0,0.27668578554642986,0
1048,110011100,1,2,16.0,4.0,0.21650635094610968,0
1049,110011101,1,2,14.0,5.0,0.29250896965085227,0
1050,110011110,1,2,16.0,4.0,0.21650635094610968,0
1051,110011111,1,2,14.0,5.0,0.29250896965085227,0
1052,110100001,2,2,13.0,4.0,0.21155615287496937,0
1053,110100010,2,2,14.0,3.5,0.1377235547168526,0
1054,110100011,2,2,13.0,4.0,0.1863230537914146,0
1055,110100100,1,2,16.0,4.0,0.42426406871192845,1
1056,110100101,1,2,14.0,5.0,0.3628873693012116,0
1057,110100110,1,2,16.0,4.0,0.2886751345948129,1
1058,110100111,1,2,14.0,5.0,0.2886751345948129,0
1059,110101000,1,2,16.0,4.0,0.19188064472004937,0
1060,110101001,1,2,14.0,5.0,0.26490647141300877,0
1061,110101010,1,2,16.0,4.0,0.19188064472004937,0
1062,110101011,1,2,14.0,5.0,0.26490647141300877,0
1063,110101100,1,2,16.0,4.0,0.22499999999999998,0
1064,110101101,1,2,14.0,5.0,0.280056016805602,0
1065,110101110,1,2,16.0,4.0,0.22499999999999998,0
1066,110101111,1,2,14.0,5.0,0.280056016805602,0
1067,110110000,1,2,16.0,4.0,0.2882306768491569,1
1068,110110001,1,2,14.0,5.0,0.33436692754521175,0
1069,110110010,1,2,16.0,4.0,0.16984155512168939,0
1070,110110011,1,2,14.0,5.0,0.2867696673382022,0
1071,110110100,1,2,16.0,4.0,0.3674234614174767,1
1072,110110101,1,2,14.0,5.0,0.3499271061118826,0
1073,110110110,1,2,16.0,4.0,0.21650635094610968,0
1074,110110111,1,2,14.0,5.0,0.30316953129541624,0
1075,110111000,1,2,16.0,4.0,0.1846372364689991,0
1076,110111001,1,2,14.0,5.0,0.27668578554642986,0
1077,110111010,1,2,16.0,4.0,0.1846372364689991,0
1078,110111011,1,2,14.0,5.0,0.27668578554642986,0
1079,110111100,1,2,16.0,4.0,0.21650635094610968,0
1080,110111101,1,2,14.0,5.0,0.29250896965085227,0
1081,110111110,1,2,16.0,4.0,0.21650635094610968,0
1082,110111111,1,2,14.0,5.0,0.29250896965085227,0
1083,111000001,2,2,13.0,4.0,0.21155615287496937,0
1084,111000010,2,2,14.0,3.5,0.1377235547168526,0
1085,111000011,2,2,13.0,4.0,0.1863230537914146,0
1086,111000100,1,2,16.0,4.0,0.42426406871192845,1
1087,111000101,1,2,14.0,5.0,0.3628873693012116,0
1088,111000110,1,2,16.0,4.0,0.2886751345948129,1
1089,111000111,1,2,14.0,5.0,0.2886751345948129,0
1090,111001000,1,2,16.0,4.0,0.19188064472004937,0
1091,111001001,1,2,14.0,5.0,0.26490647141300877,0
1092,111001010,1,2,16.0,4.0,0.19188064472004937,0
1093,111001011,1,2,14.0,5.0,0.26490647141300877,0
1094,111001100,1,2,16.0,4.0,0.22499999999999998,0
1095,111001101,1,2,14.0,5.0,0.280056016805602,0
1096,111001110,1,2,16.0,4.0,0.22499999999999998,0
1097,111001111,1,2,14.0,5.0,0.280056016805602,0
1098,111010000,1,2,16.0,4.0,0.2882306768491569,1
1099,111010001,1,2,14.0,5.0,0.33436692754521175,0
1100,111010010,1,2,16.0,4.0,0.16984155512168939,0
1101,111010011,1,2,14.0,5.0,0.2867696673382022,0
1102,111010100,1,2,16.0,4.0,0.3674234614174767,1
1103,111010101,1,2,14.0,5.0,0.3499271061118826,0
1104,111010110,1,2,16.0,4.0,0.21650635094610968,0
1105,111010111,1,2,14.0,5.0,0.30316953129541624,0
1106,111011000,1,2,16.0,4.0,0.1846372364689991,0
1107,111011001,1,2,14.0,5.0,0.27668578554642986,0
1108,111011010,1,2,16.0,4.0,0.1846372364689991,0
1109,111011011,1,2,14.0,5.0,0.27668578554642986,0
1110,111011100,1,2,16.0,4.0,0.21650635094610968,0
1111,111011101,1,2,14.0,5.0,0.29250896965085227,0
1112,111011110,1,2,16.0,4.0,0.21650635094610968,0
1113,111011111,1,2,14.0,5.0,0.29250896965085227,0
1114,111100000,2,2,14.0,3.5,0.1843648042788172,1
1115,111100001,2,2,13.0,4.0,0.21155615287496937,0
1116,111100010,2,2,14.0,3.5,0.1377235547168526,0
1117,111100011,2,2,13.0,4.0,0.1863230537914146,0
1118,111100100,1,2,16.0,4.0,0.42426406871192845,1
1119,111100101,1,2,14.0,5.0,0.3628873693012116,0
1120,111100110,1,2,16.0,4.0,0.2886751345948129,1
1121,111100111,1,2,14.0,5.0,0.2886751345948129,0
1122,111101000,1,2,16.0,4.0,0.19188064472004937,0
1123,111101001,1,2,14.0,5.0,0.26490647141300877,0
1124,111101010,1,2,16.0,4.0,0.19188064472004937,0
1125,111101011,1,2,14.0,5.0,0.26490647141300877,0
1126,111101100,1,2,16.0,4.0,0.22499999999999998,0
1127,111101101,1,2,14.0,5.0,0.280056016805602,0
1128,111101110,1,2,16.0,4.0,0.22499999999999998,0
1129,111101111,1,2,14.0,5.0,0.280056016805602,0
1130,111110000,1,2,16.0,4.0,0.2882306768491569,1
1131,111110001,1,2,14.0,5.0,0.33436692754521175,0
1132,111110010,1,2,16.0,4.0,0.16984155512168939,0
1133,111110011,1,2,14.0,5.0,0.2867696673382022,0
1134,111110100,1,2,16.0,4.0,0.3674234614174767,1
1135,111110101,1,2,14.0,5.0,0.3499271061118826,0
1136,111110110,1,2,16.0,4.0,0.21650635094610968,0
1137,111110111,1,2,14.0,5.0,0.30316953129541624,0
1138,111111000,1,2,16.0,4.0,0.1846372364689991,0
1139,111111001,1,2,14.0,5.0,0.27668578554642986,0
1140,111111010,1,2,16.0,4.0,0.1846372364689991,0
1141,111111011,1,2,14.0,5.0,0.27668578554642986,0
1142,111111100,1,2,16.0,4.0,0.21650635094610968,0
1143,111111101,1,2,14.0,5.0,0.29250896965085227,0
1144,111111110,1,2,16.0,4.0,0.21650635094610968,0
1145,111111111,1,2,14.0,5.0,0.29250896965085227,0
1146,000001111,1,3,10.0,13.0,0.0,0
1147,000010111,1,3,10.0,13.0,0.0,0
1148,000011011,1,3,10.0,13.0,0.0,0
1149,000011101,1,3,10.0,13.0,0.0,0
1150,000011110,1,3,11.0,13.0,0.0,0
1151,000011111,1,3,10.0,13.0,0.0,0
1152,000100111,1,3,10.0,13.0,0.0,0
1153,000101011,1,3,10.0,13.0,0.0,0
1154,000101101,1,3,10.0,13.0,0.0,0
1155,000101110,1,3,11.0,13.0,0.0,0
1156,000101111,1,3,10.0,13.0,0.0,0
1157,000110011,1,3,10.0,13.0,0.0,0
1158,000110101,1,3,13.0,5.0,0.4065785563073631,0
1159,000110110,1,3,11.0,13.0,0.0,0
1160,000110111,1,3,10.0,13.0,0.0,0
1161,000111001,1,3,10.0,13.0,0.0,0
1162,000111010,1,3,11.0,13.0,0.0,0
1163,000111011,1,3,10.0,13.0,0.0,0
1164,000111100,1,3,11.0,13.0,0.0,0
1165,000111101,1,3,10.0,13.0,0.0,0
1166,000111110,1,3,11.0,13.0,0.0,0
1167,000111111,1,3,10.0,13.0,0.0,0
1168,001000111,1,3,10.0,13.0,0.0,0
1169,001001011,1,3,10.0,13.0,0.0,0
1170,001001101,1,3,10.0,13.0,0.0,0
1171,001001110,1,3,11.0,13.0,0.0,0
1172,001001111,1,3,10.0,13.0,0.0,0
1173,001010011,1,3,10.0,13.0,0.0,0
1174,001010101,1,3,13.0,5.0,0.4065785563073631,0
1175,001010110,1,3,11.0,13.0,0.0,0
1176,001010111,1,3,10.0,13.0,0.0,0
1177,001011001,1,3,10.0,13.0,0.0,0
1178,001011010,1,3,11.0,13.0,0.0,0
1179,001011011,1,3,10.0,13.0,0.0,0
1180,001011100,1,3,11.0,13.0,0.0,0
1181,001011101,1,3,10.0,13.0,0.0,0
1182,001011110,1,3,11.0,13.0,0.0,0
1183,001011111,1,3,10.0,13.0,0.0,0
1184,001100011,2,3,10.0,8.5,0.0,0
1185,001100101,1,3,13.0,5.0,0.3865006029094686,0
1186,001100110,1,3,11.0,13.0,0.0,0
1187,001100111,1,3,10.0,13.0,0.0,0
1188,001101001,1,3,10.0,13.0,0.0,0
1189,001101010,1,3,11.0,13.0,0.0,0
1190,001101011,1,3,10.0,13.0,0.0,0
1191,001101100,1,3,11.0,13.0,0.0,0
1192,001101101,1,3,10.0,13.0,0.0,0
1193,001101110,1,3,11.0,13.0,0.0,0
1194,001101111,1,3,10.0,13.0,0.0,0
1195,001110001,1,3,13.0,5.0,0.4065785563073631,0
1196,001110010,1,3,11.0,13.0,0.0,0
1197,001110011,1,3,10.0,13.0,0.0,0
1198,001110100,1,3,16.0,4.0,0.3674234614174767,1
1199,001110101,1,3,13.0,5.0,0.4065785563073631,0
1200,001110110,1,3,11.0,13.0,0.0,0
1201,001110111,1,3,10.0,13.0,0.0,0
1202,001111000,1,3,11.0,13.0,0.0,0
1203,001111001,1,3,10.0,13.0,0.0,0
1204,001111010,1,3,11.0,13.0,0.0,0
1205,001111011,1,3,10.0,13.0,0.0,0
1206,001111100,1,3,11.0,13.0,0.0,0
1207,001111101,1,3,10.0,13.0,0.0,0
1208,001111110,1,3,11.0,13.0,0.0,0
1209,001111111,1,3,10.0,13.0,0.0,0
1210,010000111,1,3,10.0,13.0,0.0,0
1211,010001011,1,3,10.0,13.0,0.0,0
1212,010001101,1,3,10.0,13.0,0.0,0
1213,010001110,1,3,11.0,13.0,0.0,0
1214,010001111,1,3,10.0,13.0,0.0,0
1215,010010011,1,3,10.0,13.0,0.0,0
1216,010010101,1,3,13.0,5.0,0.4065785563073631,0
1217,010010110,1,3,11.0,13.0,0.0,0
1218,010010111,1,3,10.0,13.0,0.0,0
1219,010011001,1,3,10.0,13.0,0.0,0
1220,010011010,1,3,11.0,13.0,0.0,0
1221,010011011,1,3,10.0,13.0,0.0,0
1222,010011100,1,3,11.0,13.0,0.0,0
1223,010011101,1,3,10.0,13.0,0.0,0
1224,010011110,1,3,11.0,13.0,0.0,0
1225,010011111,1,3,10.0,13.0,0.0,0
1226,010100011,2,3,10.0,8.5,0.0,0
1227,010100101,1,3,13.0,5.0,0.4177522091055419,0
1228,010100110,1,3,11.0,13.0,0.0,0
1229,010100111,1,3,10.0,13.0,0.0,0
1230,010101001,1,3,10.0,13.0,0.0,0
1231,010101010,1,3,11.0,13.0,0.0,0
1232,010101011,1,3,10.0,13.0,0.0,0
1233,010101100,1,3,11.0,13.0,0.0,0
1234,010101101,1,3,10.0,13.0,0.0,0
1235,010101110,1,3,11.0,13.0,0.0,0
1236,010101111,1,3,10.0,13.0,0.0,0
1237,010110001,1,3,13.0,5.0,0.4065785563073631,0
1238,010110010,1,3,11.0,13.0,0.0,0
1239,010110011,1,3,10.0,13.0,0.0,0
1240,010110100,1,3,16.0,4.0,0.3674234614174767,1
1241,010110101,1,3,13.0,5.0,0.4065785563073631,0
1242,010110110,1,3,11.0,13.0,0.0,0
1243,010110111,1,3,10.0,13.0,0.0,0
1244,010111000,1,3,11.0,13.0,0.0,0
1245,010111001,1,3,10.0,13.0,0.0,0
1246,010111010,1,3,11.0,13.0,0.0,0
1247,010111011,1,3,10.0,13.0,0.0,0
1248,010111100,1,3,11.0,13.0,0.0,0
1249,010111101,1,3,10.0,13.0,0.0,0
1250,010111110,1,3,11.0,13.0,0.0,0
1251,010111111,1,3,10.0,13.0,0.0,0
1252,011000011,3,3,11.0,5.666666666666667,0.0,1
1253,011000101,1,3,13.0,5.0,0.3865006029094686,0
1254,011000110,1,3,11.0,13.0,0.0,0
1255,011000111,1,3,10.0,13.0,0.0,0
1256,011001001,1,3,10.0,13.0,0.0,0
1257,011001010,1,3,11.0,13.0,0.0,0
1258,011001011,1,3,10.0,13.0,0.0,0
1259,011001100,1,3,11.0,13.0,0.0,0
1260,011001101,1,3,10.0,13.0,0.0,0
1261,011001110,1,3,11.0,13.0,0.0,0
1262,011001111,1,3,10.0,13.0,0.0,0
1263,011010001,1,3,13.0,5.0,0.4065785563073631,0
1264,011010010,1,3,11.0,13.0,0.0,0
1265,011010011,1,3,10.0,13.0,0.0,0
1266,011010100,1,3,16.0,4.0,0.3674234614174767,1
1267,011010101,1,3,13.0,5.0,0.4065785563073631,0
1268,011010110,1,3,11.0,13.0,0.0,0
1269,011010111,1,3,10.0,13.0,0.0,0
1270,011011000,1,3,11.0,13.0,0.0,0
1271,011011001,1,3,10.0,13.0,0.0,0
1272,011011010,1,3,11.0,13.0,0.0,0
1273,011011011,1,3,10.0,13.0,0.0,0
1274,011011100,1,3,11.0,13.0,0.0,0
1275,011011101,1,3,10.0,13.0,0.0,0
1276,011011110,1,3,11.0,13.0,0.0,0
1277,011011111,1,3,10.0,13.0,0.0,0
1278,011100001,2,3,11.5,4.5,0.23760102015471204,0
1279,011100010,2,3,10.5,8.5,0.0,0
1280,011100011,2,3,10.0,8.5,0.0,0
1281,011100100,1,3,16.0,4.0,0.42426406871192845,1
1282,011100101,1,3,13.0,5.0,0.3865006029094686,0
1283,011100110,1,3,11.0,13.0,0.0,0
1284,011100111,1,3,10.0,13.0,0.0,0
1285,011101000,1,3,11.0,13.0,0.0,0
1286,011101001,1,3,10.0,13.0,0.0,0
1287,011101010,1,3,11.0,13.0,0.0,0
1288,011101011,1,3,10.0,13.0,0.0,0
1289,011101100,1,3,11.0,13.0,0.0,0
1290,011101101,1,3,10.0,13.0,0.0,0
1291,011101110,1,3,11.0,13.0,0.0,0
1292,011101111,1,3,10.0,13.0,0.0,0
1293,011110000,1,3,16.0,4.0,0.2882306768491569,1
1294,011110001,1,3,13.0,5.0,0.4065785563073631,0
1295,011110010,1,3,11.0,13.0,0.0,0
1296,011110011,1,3,10.0,13.0,0.0,0
1297,011110100,1,3,16.0,4.0,0.3674234614174767,1
1298,011110101,1,3,13.0,5.0,0.4065785563073631,0
1299,011110110,1,3,11.0,13.0,0.0,0
1300,011110111,1,3,10.0,13.0,0.0,0
1301,011111000,1,3,11.0,13.0,0.0,0
1302,011111001,1,3,10.0,13.0,0.0,0
1303,011111010,1,3,11.0,13.0,0.0,0
1304,011111011,1,3,10.0,13.0,0.0,0
1305,011111100,1,3,11.0,13.0,0.0,0
1306,011111101,1,3,10.0,13.0,0.0,0
1307,011111110,1,3,11.0,13.0,0.0,0
1308,011111111,1,3,10.0,13.0,0.0,0
1309,100000111,1,3,10.0,13.0,0.0,0
1310,100001011,1,3,10.0,13.0,0.0,0
1311,100001101,1,3,10.0,13.0,0.0,0
1312,100001110,1,3,11.0,13.0,0.0,0
1313,100001111,1,3,10.0,13.0,0.0,0
1314,100010011,1,3,10.0,13.0,0.0,0
1315,100010101,1,3,13.0,5.0,0.4065785563073631,0
1316,100010110,1,3,11.0,13.0,0.0,0
1317,100010111,1,3,10.0,13.0,0.0,0
1318,100011001,1,3,10.0,13.0,0.0,0
1319,100011010,1,3,11.0,13.0,0.0,0
1320,100011011,1,3,10.0,13.0,0.0,0
1321,100011100,1,3,11.0,13.0,0.0,0
1322,100011101,1,3,10.0,13.0,0.0,0
1323,100011110,1,3,11.0,13.0,0.0,0
1324,100011111,1,3,10.0,13.0,0.0,0
1325,100100011,2,3,10.0,8.5,0.0,0
1326,100100101,1,3,13.0,5.0,0.3865006029094686,0
1327,100100110,1,3,11.0,13.0,0.0,0
1328,100100111,1,3,10.0,13.0,0.0,0
1329,100101001,1,3,10.0,13.0,0.0,0
1330,100101010,1,3,11.0,13.0,0.0,0
1331,100101011,1,3,10.0,13.0,0.0,0
1332,100101100,1,3,11.0,13.0,0.0,0
1333,100101101,1,3,10.0,13.0,0.0,0
1334,100101110,1,3,11.0,13.0,0.0,0
1335,100101111,1,3,10.0,13.0,0.0,0
1336,100110001,1,3,13.0,5.0,0.4065785563073631,0
1337,100110010,1,3,11.0,13.0,0.0,0
1338,100110011,1,3,10.0,13.0,0.0,0
1339,100110100,1,3,16.0,4.0,0.3674234614174767,1
1340,100110101,1,3,13.0,5.0,0.4065785563073631,0
1341,100110110,1,3,11.0,13.0,0.0,0
1342,100110111,1,3,10.0,13.0,0.0,0
1343,100111000,1,3,11.0,13.0,0.0,0
1344,100111001,1,3,10.0,13.0,0.0,0
1345,100111010,1,3,11.0,13.0,0.0,0
1346,100111011,1,3,10.0,13.0,0.0,0
1347,100111100,1,3,11.0,13.0,0.0,0
1348,100111101,1,3,10.0,13.0,0.0,0
1349,100111110,1,3,11.0,13.0,0.0,0
1350,100111111,1,3,10.0,13.0,0.0,0
1351,101000011,2,3,10.0,8.5,0.0,0
1352,101000101,1,3,13.0,5.0,0.3865006029094686,0
1353,101000110,1,3,11.0,13.0,0.0,0
1354,101000111,1,3,10.0,13.0,0.0,0
1355,101001001,1,3,10.0,13.0,0.0,0
1356,101001010,1,3,11.0,13.0,0.0,0
1357,101001011,1,3,10.0,13.0,0.0,0
1358,101001100,1,3,11.0,13.0,0.0,0
1359,101001101,1,3,10.0,13.0,0.0,0
1360,101001110,1,3,11.0,13.0,0.0,0
1361,101001111,1,3,10.0,13.0,0.0,0
1362,101010001,1,3,13.0,5.0,0.4065785563073631,0
1363,101010010,1,3,11.0,13.0,0.0,0
1364,101010011,1,3,10.0,13.0,0.0,0
1365,101010100,1,3,16.0,4.0,0.3674234614174767,1
1366,101010101,1,3,13.0,5.0,0.4065785563073631,0
1367,101010110,1,3,11.0,13.0,0.0,0
1368,101010111,1,3,10.0,13.0,0.0,0
1369,101011000,1,3,11.0,13.0,0.0,0
1370,101011001,1,3,10.0,13.0,0.0,0
1371,101011010,1,3,11.0,13.0,0.0,0
1372,101011011,1,3,10.0,13.0,0.0,0
1373,101011100,1,3,11.0,13.0,0.0,0
1374,101011101,1,3,10.0,13.0,0.0,0
1375,101011110,1,3,11.0,13.0,0.0,0
1376,101011111,1,3,10.0,13.0,0.0,0
1377,101100001,2,3,11.5,4.5,0.23760102015471204,0
1378,101100010,2,3,10.5,8.5,0.0,0
1379,101100011,2,3,10.0,8.5,0.0,0
1380,101100100,1,3,16.0,4.0,0.42426406871192845,1
1381,101100101,1,3,13.0,5.0,0.3865006029094686,0
1382,101100110,1,3,11.0,13.0,0.0,0
1383,101100111,1,3,10.0,13.0,0.0,0
1384,101101000,1,3,11.0,13.0,0.0,0
1385,101101001,1,3,10.0,13.0,0.0,0
1386,101101010,1,3,11.0,13.0,0.0,0
1387,101101011,1,3,10.0,13.0,0.0,0
1388,101101100,1,3,11.0,13.0,0.0,0
1389,101101101,1,3,10.0,13.0,0.0,0
1390,101101110,1,3,11.0,13.0,0.0,0
1391,101101111,1,3,10.0,13.0,0.0,0
1392,101110000,1,3,16.0,4.0,0.2882306768491569,1
1393,101110001,1,3,13.0,5.0,0.4065785563073631,0
1394,101110010,1,3,11.0,13.0,0.0,0
1395,101110011,1,3,10.0,13.0,0.0,0
1396,101110100,1,3,16.0,4.0,0.3674234614174767,1
1397,101110101,1,3,13.0,5.0,0.4065785563073631,0
1398,101110110,1,3,11.0,13.0,0.0,0
1399,101110111,1,3,10.0,13.0,0.0,0
1400,101111000,1,3,11.0,13.0,0.0,0
1401,101111001,1,3,10.0,13.0,0.0,0
1402,101111010,1,3,11.0,13.0,0.0,0
1403,101111011,1,3,10.0,13.0,0.0,0
1404,101111100,1,3,11.0,13.0,0.0,0
1405,101111101,1,3,10.0,13.0,0.0,0
1406,101111110,1,3,11.0,13.0,0.0,0
1407,101111111,1,3,10.0,13.0,0.0,0
1408,110000011,2,3,10.0,8.5,0.0,0
1409,110000101,1,3,13.0,5.0,0.3865006029094686,0
1410,110000110,1,3,11.0,13.0,0.0,0
1411,110000111,1,3,10.0,13.0,0.0,0
1412,110001001,1,3,10.0,13.0,0.0,0
1413,110001010,1,3,11.0,13.0,0.0,0
1414,110001011,1,3,10.0,13.0,0.0,0
1415,110001100,1,3,11.0,13.0,0.0,0
1416,110001101,1,3,10.0,13.0,0.0,0
1417,110001110,1,3,11.0,13.0,0.0,0
1418,110001111,1,3,10.0,13.0,0.0,0
1419,110010001,1,3,13.0,5.0,0.4065785563073631,0
1420,110010010,1,3,11.0,13.0,0.0,0
1421,110010011,1,3,10.0,13.0,0.0,0
1422,110010100,1,3,16.0,4.0,0.3674234614174767,1
1423,110010101,1,3,13.0,5.0,0.4065785563073631,0
1424,110010110,1,3,11.0,13.0,0.0,0
1425,110010111,1,3,10.0,13.0,0.0,0
1426,110011000,1,3,11.0,13.0,0.0,0
1427,110011001,1,3,10.0,13.0,0.0,0
1428,110011010,1,3,11.0,13.0,0.0,0
1429,110011011,1,3,10.0,13.0,0.0,0
1430,110011100,1,3,11.0,13.0,0.0,0
1431,110011101,1,3,10.0,13.0,0.0,0
1432,110011110,1,3,11.0,13.0,0.0,0
1433,110011111,1,3,10.0,13.0,0.0,0
1434,110100001,2,3,11.5,4.5,0.23760102015471204,0
1435,110100010,2,3,10.5,8.5,0.0,0
1436,110100011,2,3,10.0,8.5,0.0,0
1437,110100100,1,3,16.0,4.0,0.42426406871192845,1
1438,110100101,1,3,13.0,5.0,0.3865006029094686,0
1439,110100110,1,3,11.0,13.0,0.0,0
1440,110100111,1,3,10.0,13.0,0.0,0
1441,110101000,1,3,11.0,13.0,0.0,0
1442,110101001,1,3,10.0,13.0,0.0,0
1443,110101010,1,3,11.0,13.0,0.0,0
1444,110101011,1,3,10.0,13.0,0.0,0
1445,110101100,1,3,11.0,13.0,0.0,0
1446,110101101,1,3,10.0,13.0,0.0,0
1447,110101110,1,3,11.0,13.0,0.0,0
1448,110101111,1,3,10.0,13.0,0.0,0
1449,110110000,1,3,16.0,4.0,0.2882306768491569,1
1450,110110001,1,3,13.0,5.0,0.4065785563073631,0
1451,110110010,1,3,11.0,13.0,0.0,0
1452,110110011,1,3,10.0,13.0,0.0,0
1453,110110100,1,3,16.0,4.0,0.3674234614174767,1
1454,110110101,1,3,13.0,5.0,0.4065785563073631,0
1455,110110110,1,3,11.0,13.0,0.0,0
1456,110110111,1,3,10.0,13.0,0.0,0
1457,110111000,1,3,11.0,13.0,0.0,0
1458,110111001,1,3,10.0,13.0,0.0,0
1459,110111010,1,3,11.0,13.0,0.0,0
1460,110111011,1,3,10.0,13.0,0.0,0
1461,110111100,1,3,11.0,13.0,0.0,0
1462,110111101,1,3,10.0,13.0,0.0,0
1463,110111110,1,3,11.0,13.0,0.0,0
1464,110111111,1,3,10.0,13.0,0.0,0
1465,111000001,2,3,11.5,4.5,0.23760102015471204,0
1466,111000010,2,3,10.5,8.5,0.0,0
1467,111000011,2,3,10.0,8.5,0.0,0
1468,111000100,1,3,16.0,4.0,0.42426406871192845,1
1469,111000101,1,3,13.0,5.0,0.3865006029094686,0
1470,111000110,1,3,11.0,13.0,0.0,0
1471,111000111,1,3,10.0,13.0,0.0,0
1472,111001000,1,3,11.0,13.0,0.0,0
1473,111001001,1,3,10.0,13.0,0.0,0
1474,111001010,1,3,11.0,13.0,0.0,0
1475,111001011,1,3,10.0,13.0,0.0,0
1476,111001100,1,3,11.0,13.0,0.0,0
1477,111001101,1,3,10.0,13.0,0.0,0
1478,111001110,1,3,11.0,13.0,0.0,0
1479,111001111,1,3,10.0,13.0,0.0,0
1480,111010000,1,3,16.0,4.0,0.2882306768491569,1
1481,111010001,1,3,13.0,5.0,0.4065785563073631,0
1482,111010010,1,3,11.0,13.0,0.0,0
1483,111010011,1,3,10.0,13.0,0.0,0
1484,111010100,1,3,16.0,4.0,0.3674234614174767,1
1485,111010101,1,3,13.0,5.0,0.4065785563073631,0
1486,111010110,1,3,11.0,13.0,0.0,0
1487,111010111,1,3,10.0,13.0,0.0,0
1488,111011000,1,3,11.0,13.0,0.0,0
1489,111011001,1,3,10.0,13.0,0.0,0
1490,111011010,1,3,11.0,13.0,0.0,0
1491,111011011,1,3,10.0,13.0,0.0,0
1492,111011100,1,3,11.0,13.0,0.0,0
1493,111011101,1,3,10.0,13.0,0.0,0
1494,111011110,1,3,11.0,13.0,0.0,0
1495,111011111,1,3,10.0,13.0,0.0,0
1496,111100000,2,3,13.0,4.0,0.1854377643835581,1
1497,111100001,2,3,11.5,4.5,0.23760102015471204,0
1498,111100010,2,3,10.5,8.5,0.0,0
1499,111100011,2,3,10.0,8.5,0.0,0
1500,111100100,1,3,16.0,4.0,0.42426406871192845,1
1501,111100101,1,3,13.0,5.0,0.3865006029094686,0
1502,111100110,1,3,11.0,13.0,0.0,0
1503,111100111,1,3,10.0,13.0,0.0,0
1504,111101000,1,3,11.0,13.0,0.0,0
1505,111101001,1,3,10.0,13.0,0.0,0
1506,111101010,1,3,11.0,13.0,0.0,0
1507,111101011,1,3,10.0,13.0,0.0,0
1508,111101100,1,3,11.0,13.0,0.0,0
1509,111101101,1,3,10.0,13.0,0.0,0
1510,111101110,1,3,11.0,13.0,0.0,0
1511,111101111,1,3,10.0,13.0,0.0,0
1512,111110000,1,3,16.0,4.0,0.2882306768491569,1
1513,111110001,1,3,13.0,5.0,0.4065785563073631,0
1514,111110010,1,3,11.0,13.0,0.0,0
1515,111110011,1,3,10.0,13.0,0.0,0
1516,111110100,1,3,16.0,4.0,0.3674234614174767,1
1517,111110101,1,3,13.0,5.0,0.4065785563073631,0
1518,111110110,1,3,11.0,13.0,0.0,0
1519,111110111,1,3,10.0,13.0,0.0,0
1520,111111000,1,3,11.0,13.0,0.0,0
1521,111111001,1,3,10.0,13.0,0.0,0
1522,111111010,1,3,11.0,13.0,0.0,0
1523,111111011,1,3,10.0,13.0,0.0,0
1524,111111100,1,3,11.0,13.0,0.0,0
1525,111111101,1,3,10.0,13.0,0.0,0
1526,111111110,1,3,11.0,13.0,0.0,0
1527,111111111,1,3,10.0,13.0,0.0,0
1528,000001111,1,4,10.0,13.0,0.0,0
1529,000010111,1,4,10.0,13.0,0.0,0
1530,000011011,1,4,10.0,13.0,0.0,0
1531,000011101,1,4,10.0,13.0,0.0,0
1532,000011110,1,4,11.0,13.0,0.0,0
1533,000011111,1,4,10.0,13.0,0.0,0
1534,000100111,1,4,10.0,13.0,0.0,0
1535,000101011,1,4,10.0,13.0,0.0,0
1536,000101101,1,4,10.0,13.0,0.0,0
1537,000101110,1,4,11.0,13.0,0.0,0
1538,000101111,1,4,10.0,13.0,0.0,0
1539,000110011,1,4,10.0,13.0,0.0,0
1540,000110101,1,4,13.0,5.0,0.4065785563073631,0
1541,000110110,1,4,11.0,13.0,0.0,0
1542,000110111,1,4,10.0,13.0,0.0,0
1543,000111001,1,4,10.0,13.0,0.0,0
1544,000111010,1,4,11.0,13.0,0.0,0
1545,000111011,1,4,10.0,13.0,0.0,0
1546,000111100,1,4,11.0,13.0,0.0,0
1547,000111101,1,4,10.0,13.0,0.0,0
1548,000111110,1,4,11.0,13.0,0.0,0
1549,000111111,1,4,10.0,13.0,0.0,0
1550,001000111,1,4,10.0,13.0,0.0,0
1551,001001011,1,4,10.0,13.0,0.0,0
1552,001001101,1,4,10.0,13.0,0.0,0
1553,001001110,1,4,11.0,13.0,0.0,0
1554,001001111,1,4,10.0,13.0,0.0,0
1555,001010011,1,4,10.0,13.0,0.0,0
1556,001010101,1,4,13.0,5.0,0.4065785563073631,0
1557,001010110,1,4,11.0,13.0,0.0,0
1558,001010111,1,4,10.0,13.0,0.0,0
1559,001011001,1,4,10.0,13.0,0.0,0
1560,001011010,1,4,11.0,13.0,0.0,0
1561,001011011,1,4,10.0,13.0,0.0,0
1562,001011100,1,4,11.0,13.0,0.0,0
1563,001011101,1,4,10.0,13.0,0.0,0
1564,001011110,1,4,11.0,13.0,0.0,0
1565,001011111,1,4,10.0,13.0,0.0,0
1566,001100011,2,4,9.0,6.5,0.0,0
1567,001100101,1,4,13.0,5.0,0.3865006029094686,0
1568,001100110,1,4,11.0,13.0,0.0,0
1569,001100111,1,4,10.0,13.0,0.0,0
1570,001101001,1,4,10.0,13.0,0.0,0
1571,001101010,1,4,11.0,13.0,0.0,0
1572,001101011,1,4,10.0,13.0,0.0,0
1573,001101100,1,4,11.0,13.0,0.0,0
1574,001101101,1,4,10.0,13.0,0.0,0
1575,001101110,1,4,11.0,13.0,0.0,0
1576,001101111,1,4,10.0,13.0,0.0,0
1577,001110001,1,4,13.0,5.0,0.4065785563073631,0
1578,001110010,1,4,11.0,13.0,0.0,0
1579,001110011,1,4,10.0,13.0,0.0,0
1580,001110100,1,4,14.0,5.0,0.3563483225498993,0
1581,001110101,1,4,13.0,5.0,0.4065785563073631,0
1582,001110110,1,4,11.0,13.0,0.0,0
1583,001110111,1,4,10.0,13.0,0.0,0
1584,001111000,1,4,11.0,13.0,0.0,0
1585,001111001,1,4,10.0,13.0,0.0,0
1586,001111010,1,4,11.0,13.0,0.0,0
1587,001111011,1,4,10.0,13.0,0.0,0
1588,001111100,1,4,11.0,13.0,0.0,0
1589,001111101,1,4,10.0,13.0,0.0,0
1590,001111110,1,4,11.0,13.0,0.0,0
1591,001111111,1,4,10.0,13.0,0.0,0
1592,010000111,1,4,10.0,13.0,0.0,0
1593,010001011,1,4,10.0,13.0,0.0,0
1594,010001101,1,4,10.0,13.0,0.0,0
1595,010001110,1,4,11.0,13.0,0.0,0
1596,010001111,1,4,10.0,13.0,0.0,0
1597,010010011,1,4,10.0,13.0,0.0,0
1598,010010101,1,4,13.0,5.0,0.4065785563073631,0
1599,010010110,1,4,11.0,13.0,0.0,0
1600,010010111,1,4,10.0,13.0,0.0,0
1601,010011001,1,4,10.0,13.0,0.0,0
1602,010011010,1,4,11.0,13.0,0.0,0
1603,010011011,1,4,10.0,13.0,0.0,0
1604,010011100,1,4,11.0,13.0,0.0,0
1605,010011101,1,4,10.0,13.0,0.0,0
1606,010011110,1,4,11.0,13.0,0.0,0
1607,010011111,1,4,10.0,13.0,0.0,0
1608,010100011,2,4,9.0,6.5,0.0,0
1609,010100101,1,4,13.0,5.0,0.4177522091055419,0
1610,010100110,1,4,11.0,13.0,0.0,0
1611,010100111,1,4,10.0,13.0,0.0,0
1612,010101001,1,4,10.0,13.0,0.0,0
1613,010101010,1,4,11.0,13.0,0.0,0
1614,010101011,1,4,10.0,13.0,0.0,0
1615,010101100,1,4,11.0,13.0,0.0,0
1616,010101101,1,4,10.0,13.0,0.0,0
1617,010101110,1,4,11.0,13.0,0.0,0
1618,010101111,1,4,10.0,13.0,0.0,0
1619,010110001,1,4,13.0,5.0,0.4065785563073631,0
1620,010110010,1,4,11.0,13.0,0.0,0
1621,010110011,1,4,10.0,13.0,0.0,0
1622,010110100,1,4,14.0,5.0,0.3563483225498993,0
1623,010110101,1,4,13.0,5.0,0.4065785563073631,0
1624,010110110,1,4,11.0,13.0,0.0,0
1625,010110111,1,4,10.0,13.0,0.0,0
1626,010111000,1,4,11.0,13.0,0.0,0
1627,010111001,1,4,10.0,13.0,0.0,0
1628,010111010,1,4,11.0,13.0,0.0,0
1629,010111011,1,4,10.0,13.0,0.0,0
1630,010111100,1,4,11.0,13.0,0.0,0
1631,010111101,1,4,10.0,13.0,0.0,0
1632,010111110,1,4,11.0,13.0,0.0,0
1633,010111111,1,4,10.0,13.0,0.0,0
1634,011000011,2,4,12.5,9.0,0.0,0
1635,011000101,1,4,13.0,5.0,0.3865006029094686,0
1636,011000110,1,4,11.0,13.0,0.0,0
1637,011000111,1,4,10.0,13.0,0.0,0
1638,011001001,1,4,10.0,13.0,0.0,0
1639,011001010,1,4,11.0,13.0,0.0,0
1640,011001011,1,4,10.0,13.0,0.0,0
1641,011001100,1,4,11.0,13.0,0.0,0
1642,011001101,1,4,10.0,13.0,0.0,0
1643,011001110,1,4,11.0,13.0,0.0,0
1644,011001111,1,4,10.0,13.0,0.0,0
1645,011010001,1,4,13.0,5.0,0.4065785563073631,0
1646,011010010,1,4,11.0,13.0,0.0,0
1647,011010011,1,4,10.0,13.0,0.0,0
1648,011010100,1,4,14.0,5.0,0.3563483225498993,0
1649,011010101,1,4,13.0,5.0,0.4065785563073631,0
1650,011010110,1,4,11.0,13.0,0.0,0
1651,011010111,1,4,10.0,13.0,0.0,0
1652,011011000,1,4,11.0,13.0,0.0,0
1653,011011001,1,4,10.0,13.0,0.0,0
1654,011011010,1,4,11.0,13.0,0.0,0
1655,011011011,1,4,10.0,13.0,0.0,0
1656,011011100,1,4,11.0,13.0,0.0,0
1657,011011101,1,4,10.0,13.0,0.0,0
1658,011011110,1,4,11.0,13.0,0.0,0
1659,011011111,1,4,10.0,13.0,0.0,0
1660,011100001,2,4,10.5,2.5,0.23909389514744545,0
1661,011100010,2,4,9.5,6.5,0.0,0
1662,011100011,2,4,9.0,6.5,0.0,0
1663,011100100,1,4,14.0,5.0,0.39557740264262,0
1664,011100101,1,4,13.0,5.0,0.3865006029094686,0
1665,011100110,1,4,11.0,13.0,0.0,0
1666,011100111,1,4,10.0,13.0,0.0,0
1667,011101000,1,4,11.0,13.0,0.0,0
1668,011101001,1,4,10.0,13.0,0.0,0
1669,011101010,1,4,11.0,13.0,0.0,0
1670,011101011,1,4,10.0,13.0,0.0,0
1671,011101100,1,4,11.0,13.0,0.0,0
1672,011101101,1,4,10.0,13.0,0.0,0
1673,011101110,1,4,11.0,13.0,0.0,0
1674,011101111,1,4,10.0,13.0,0.0,0
1675,011110000,1,4,14.0,5.0,0.2932942300427066,0
1676,011110001,1,4,13.0,5.0,0.4065785563073631,0
1677,011110010,1,4,11.0,13.0,0.0,0
1678,011110011,1,4,10.0,13.0,0.0,0
1679,011110100,1,4,14.0,5.0,0.3563483225498993,0
1680,011110101,1,4,13.0,5.0,0.4065785563073631,0
1681,011110110,1,4,11.0,13.0,0.0,0
1682,011110111,1,4,10.0,13.0,0.0,0
1683,011111000,1,4,11.0,13.0,0.0,0
1684,011111001,1,4,10.0,13.0,0.0,0
1685,011111010,1,4,11.0,13.0,0.0,0
1686,011111011,1,4,10.0,13.0,0.0,0
1687,011111100,1,4,11.0,13.0,0.0,0
1688,011111101,1,4,10.0,13.0,0.0,0
1689,011111110,1,4,11.0,13.0,0.0,0
1690,011111111,1,4,10.0,13.0,0.0,0
1691,100000111,1,4,10.0,13.0,0.0,0
1692,100001011,1,4,10.0,13.0,0.0,0
1693,100001101,1,4,10.0,13.0,0.0,0
1694,100001110,1,4,11.0,13.0,0.0,0
1695,100001111,1,4,10.0,13.0,0.0,0
1696,100010011,1,4,10.0,13.0,0.0,0
1697,100010101,1,4,13.0,5.0,0.4065785563073631,0
1698,100010110,1,4,11.0,13.0,0.0,0
1699,100010111,1,4,10.0,13.0,0.0,0
1700,100011001,1,4,10.0,13.0,0.0,0
1701,100011010,1,4,11.0,13.0,0.0,0
1702,100011011,1,4,10.0,13.0,0.0,0
1703,100011100,1,4,11.0,13.0,0.0,0
1704,100011101,1,4,10.0,13.0,0.0,0
1705,100011110,1,4,11.0,13.0,0.0,0
1706,100011111,1,4,10.0,13.0,0.0,0
1707,100100011,2,4,9.0,6.5,0.0,0
1708,100100101,1,4,13.0,5.0,0.3865006029094686,0
1709,100100110,1,4,11.0,13.0,0.0,0
1710,100100111,1,4,10.0,13.0,0.0,0
1711,100101001,1,4,10.0,13.0,0.0,0
1712,100101010,1,4,11.0,13.0,0.0,0
1713,100101011,1,4,10.0,13.0,0.0,0
1714,100101100,1,4,11.0,13.0,0.0,0
1715,100101101,1,4,10.0,13.0,0.0,0
1716,100101110,1,4,11.0,13.0,0.0,0
1717,100101111,1,4,10.0,13.0,0.0,0
1718,100110001,1,4,13.0,5.0,0.4065785563073631,0
1719,100110010,1,4,11.0,13.0,0.0,0
1720,100110011,1,4,10.0,13.0,0.0,0
1721,100110100,1,4,14.0,5.0,0.3563483225498993,0
1722,100110101,1,4,13.0,5.0,0.4065785563073631,0
1723,100110110,1,4,11.0,13.0,0.0,0
1724,100110111,1,4,10.0,13.0,0.0,0
1725,100111000,1,4,11.0,13.0,0.0,0
1726,100111001,1,4,10.0,13.0,0.0,0
1727,100111010,1,4,11.0,13.0,0.0,0
1728,100111011,1,4,10.0,13.0,0.0,0
1729,100111100,1,4,11.0,13.0,0.0,0
1730,100111101,1,4,10.0,13.0,0.0,0
1731,100111110,1,4,11.0,13.0,0.0,0
1732,100111111,1,4,10.0,13.0,0.0,0
1733,101000011,2,4,9.0,6.5,0.0,0
1734,101000101,1,4,13.0,5.0,0.3865006029094686,0
1735,101000110,1,4,11.0,13.0,0.0,0
1736,101000111,1,4,10.0,13.0,0.0,0
1737,101001001,1,4,10.0,13.0,0.0,0
1738,101001010,1,4,11.0,13.0,0.0,0
1739,101001011,1,4,10.0,13.0,0.0,0
1740,101001100,1,4,11.0,13.0,0.0,0
1741,101001101,1,4,10.0,13.0,0.0,0
1742,101001110,1,4,11.0,13.0,0.0,0
1743,101001111,1,4,10.0,13.0,0.0,0
1744,101010001,1,4,13.0,5.0,0.4065785563073631,0
1745,101010010,1,4,11.0,13.0,0.0,0
1746,101010011,1,4,10.0,13.0,0.0,0
1747,101010100,1,4,14.0,5.0,0.3563483225498993,0
1748,101010101,1,4,13.0,5.0,0.4065785563073631,0
1749,101010110,1,4,11.0,13.0,0.0,0
1750,101010111,1,4,10.0,13.0,0.0,0
1751,101011000,1,4,11.0,13.0,0.0,0
1752,101011001,1,4,10.0,13.0,0.0,0
1753,101011010,1,4,11.0,13.0,0.0,0
1754,101011011,1,4,10.0,13.0,0.0,0
1755,101011100,1,4,11.0,13.0,0.0,0
1756,101011101,1,4,10.0,13.0,0.0,0
1757,101011110,1,4,11.0,13.0,0.0,0
1758,101011111,1,4,10.0,13.0,0.0,0
1759,101100001,2,4,10.5,2.5,0.23909389514744545,0
1760,101100010,2,4,9.5,6.5,0.0,0
1761,101100011,2,4,9.0,6.5,0.0,0
1762,101100100,1,4,14.0,5.0,0.39557740264262,0
1763,101100101,1,4,13.0,5.0,0.3865006029094686,0
1764,101100110,1,4,11.0,13.0,0.0,0
1765,101100111,1,4,10.0,13.0,0.0,0
1766,101101000,1,4,11.0,13.0,0.0,0
1767,101101001,1,4,10.0,13.0,0.0,0
1768,101101010,1,4,11.0,13.0,0.0,0
1769,101101011,1,4,10.0,13.0,0.0,0
1770,101101100,1,4,11.0,13.0,0.0,0
1771,101101101,1,4,10.0,13.0,0.0,0
1772,101101110,1,4,11.0,13.0,0.0,0
1773,101101111,1,4,10.0,13.0,0.0,0
1774,101110000,1,4,14.0,5.0,0.2932942300427066,0
1775,101110001,1,4,13.0,5.0,0.4065785563073631,0
1776,101110010,1,4,11.0,13.0,0.0,0
1777,101110011,1,4,10.0,13.0,0.0,0
1778,101110100,1,4,14.0,5.0,0.3563483225498993,0
1779,101110101,1,4,13.0,5.0,0.4065785563073631,0
1780,101110110,1,4,11.0,13.0,0.0,0
1781,101110111,1,4,10.0,13.0,0.0,0
1782,101111000,1,4,11.0,13.0,0.0,0
1783,101111001,1,4,10.0,13.0,0.0,0
1784,101111010,1,4,11.0,13.0,0.0,0
1785,101111011,1,4,10.0,13.0,0.0,0
1786,101111100,1,4,11.0,13.0,0.0,0
1787,101111101,1,4,10.0,13.0,0.0,0
1788,101111110,1,4,11.0,13.0,0.0,0
1789,101111111,1,4,10.0,13.0,0.0,0
1790,110000011,2,4,9.0,6.5,0.0,0
1791,110000101,1,4,13.0,5.0,0.3865006029094686,0
1792,110000110,1,4,11.0,13.0,0.0,0
1793,110000111,1,4,10.0,13.0,0.0,0
1794,110001001,1,4,10.0,13.0,0.0,0
1795,110001010,1,4,11.0,13.0,0.0,0
1796,110001011,1,4,10.0,13.0,0.0,0
1797,110001100,1,4,11.0,13.0,0.0,0
1798,110001101,1,4,10.0,13.0,0.0,0
1799,110001110,1,4,11.0,13.0,0.0,0
1800,110001111,1,4,10.0,13.0,0.0,0
1801,110010001,1,4,13.0,5.0,0.4065785563073631,0
1802,110010010,1,4,11.0,13.0,0.0,0
1803,110010011,1,4,10.0,13.0,0.0,0
1804,110010100,1,4,14.0,5.0,0.3563483225498993,0
1805,110010101,1,4,13.0,5.0,0.4065785563073631,0
1806,110010110,1,4,11.0,13.0,0.0,0
1807,110010111,1,4,10.0,13.0,0.0,0
1808,110011000,1,4,11.0,13.0,0.0,0
1809,110011001,1,4,10.0,13.0,0.0,0
1810,110011010,1,4,11.0,13.0,0.0,0
1811,110011011,1,4,10.0,13.0,0.0,0
1812,110011100,1,4,11.0,13.0,0.0,0
1813,110011101,1,4,10.0,13.0,0.0,0
1814,110011110,1,4,11.0,13.0,0.0,0
1815,110011111,1,4,10.0,13.0,0.0,0
1816,110100001,2,4,10.5,2.5,0.23909389514744545,0
1817,110100010,2,4,9.5,6.5,0.0,0
1818,110100011,2,4,9.0,6.5,0.0,0
1819,110100100,1,4,14.0,5.0,0.39557740264262,0
1820,110100101,1,4,13.0,5.0,0.3865006029094686,0
1821,110100110,1,4,11.0,13.0,0.0,0
1822,110100111,1,4,10.0,13.0,0.0,0
1823,110101000,1,4,11.0,13.0,0.0,0
1824,110101001,1,4,10.0,13.0,0.0,0
1825,110101010,1,4,11.0,13.0,0.0,0
1826,110101011,1,4,10.0,13.0,0.0,0
1827,110101100,1,4,11.0,13.0,0.0,0
1828,110101101,1,4,10.0,13.0,0.0,0
1829,110101110,1,4,11.0,13.0,0.0,0
1830,110101111,1,4,10.0,13.0,0.0,0
1831,110110000,1,4,14.0,5.0,0.2932942300427066,0
1832,110110001,1,4,13.0,5.0,0.4065785563073631,0
1833,110110010,1,4,11.0,13.0,0.0,0
1834,110110011,1,4,10.0,13.0,0.0,0
1835,110110100,1,4,14.0,5.0,0.3563483225498993,0
1836,110110101,1,4,13.0,5.0,0.4065785563073631,0
1837,110110110,1,4,11.0,13.0,0.0,0
1838,110110111,1,4,10.0,13.0,0.0,0
1839,110111000,1,4,11.0,13.0,0.0,0
1840,110111001,1,4,10.0,13.0,0.0,0
1841,110111010,1,4,11.0,13.0,0.0,0
1842,110111011,1,4,10.0,13.0,0.0,0
1843,110111100,1,4,11.0,13.0,0.0,0
1844,110111101,1,4,10.0,13.0,0.0,0
1845,110111110,1,4,11.0,13.0,0.0,0
1846,110111111,1,4,10.0,13.0,0.0,0
1847,111000001,2,4,10.5,2.5,0.23909389514744545,0
1848,111000010,2,4,9.5,6.5,0.0,0
1849,111000011,2,4,9.0,6.5,0.0,0
1850,111000100,1,4,14.0,5.0,0.39557740264262,0
1851,111000101,1,4,13.0,5.0,0.3865006029094686,0
1852,111000110,1,4,11.0,13.0,0.0,0
1853,111000111,1,4,10.0,13.0,0.0,0
1854,111001000,1,4,11.0,13.0,0.0,0
1855,111001001,1,4,10.0,13.0,0.0,0
1856,111001010,1,4,11.0,13.0,0.0,0
1857,111001011,1,4,10.0,13.0,0.0,0
1858,111001100,1,4,11.0,13.0,0.0,0
1859,111001101,1,4,10.0,13.0,0.0,0
1860,111001110,1,4,11.0,13.0,0.0,0
1861,111001111,1,4,10.0,13.0,0.0,0
1862,111010000,1,4,14.0,5.0,0.2932942300427066,0
1863,111010001,1,4,13.0,5.0,0.4065785563073631,0
1864,111010010,1,4,11.0,13.0,0.0,0
1865,111010011,1,4,10.0,13.0,0.0,0
1866,111010100,1,4,14.0,5.0,0.3563483225498993,0
1867,111010101,1,4,13.0,5.0,0.4065785563073631,0
1868,111010110,1,4,11.0,13.0,0.0,0
1869,111010111,1,4,10.0,13.0,0.0,0
1870,111011000,1,4,11.0,13.0,0.0,0
1871,111011001,1,4,10.0,13.0,0.0,0
1872,111011010,1,4,11.0,13.0,0.0,0
1873,111011011,1,4,10.0,13.0,0.0,0
1874,111011100,1,4,11.0,13.0,0.0,0
1875,111011101,1,4,10.0,13.0,0.0,0
1876,111011110,1,4,11.0,13.0,0.0,0
1877,111011111,1,4,10.0,13.0,0.0,0
1878,111100000,2,4,11.0,2.5,0.18858046563114678,0
1879,111100001,2,4,10.5,2.5,0.23909389514744545,0
1880,111100010,2,4,9.5,6.5,0.0,0
1881,111100011,2,4,9.0,6.5,0.0,0
1882,111100100,1,4,14.0,5.0,0.39557740264262,0
1883,111100101,1,4,13.0,5.0,0.3865006029094686,0
1884,111100110,1,4,11.0,13.0,0.0,0
1885,111100111,1,4,10.0,13.0,0.0,0
1886,111101000,1,4,11.0,13.0,0.0,0
1887,111101001,1,4,10.0,13.0,0.0,0
1888,111101010,1,4,11.0,13.0,0.0,0
1889,111101011,1,4,10.0,13.0,0.0,0
1890,111101100,1,4,11.0,13.0,0.0,0
1891,111101101,1,4,10.0,13.0,0.0,0
1892,111101110,1,4,11.0,13.0,0.0,0
1893,111101111,1,4,10.0,13.0,0.0,0
1894,111110000,1,4,14.0,5.0,0.2932942300427066,0
1895,111110001,1,4,13.0,5.0,0.4065785563073631,0
1896,111110010,1,4,11.0,13.0,0.0,0
1897,111110011,1,4,10.0,13.0,0.0,0
1898,111110100,1,4,14.0,5.0,0.3563483225498993,0
1899,111110101,1,4,13.0,5.0,0.4065785563073631,0
1900,111110110,1,4,11.0,13.0,0.0,0
1901,111110111,1,4,10.0,13.0,0.0,0
1902,111111000,1,4,11.0,13.0,0.0,0
1903,111111001,1,4,10.0,13.0,0.0,0
1904,111111010,1,4,11.0,13.0,0.0,0
1905,111111011,1,4,10.0,13.0,0.0,0
1906,111111100,1,4,11.0,13.0,0.0,0
1907,111111101,1,4,10.0,13.0,0.0,0
1908,111111110,1,4,11.0,13.0,0.0,0
1909,111111111,1,4,10.0,13.0,0.0,0
1910,000001111,1,5,8.0,13.0,0.0,0
1911,000010111,1,5,8.0,13.0,0.0,0
1912,000011011,1,5,8.0,13.0,0.0,0
1913,000011101,1,5,8.0,13.0,0.0,0
1914,000011110,1,5,9.0,13.0,0.0,0
1915,000011111,1,5,8.0,13.0,0.0,0
1916,000100111,1,5,8.0,13.0,0.0,0
1917,000101011,1,5,8.0,13.0,0.0,0
1918,000101101,1,5,8.0,13.0,0.0,0
1919,000101110,1,5,9.0,13.0,0.0,0
1920,000101111,1,5,8.0,13.0,0.0,0
1921,000110011,1,5,8.0,13.0,0.0,0
1922,000110101,1,5,11.0,9.0,0.0,0
1923,000110110,1,5,9.0,13.0,0.0,0
1924,000110111,1,5,8.0,13.0,0.0,0
1925,000111001,1,5,8.0,13.0,0.0,0
1926,000111010,1,5,9.0,13.0,0.0,0
1927,000111011,1,5,8.0,13.0,0.0,0
1928,000111100,1,5,9.0,13.0,0.0,0
1929,000111101,1,5,8.0,13.0,0.0,0
1930,000111110,1,5,9.0,13.0,0.0,0
1931,000111111,1,5,8.0,13.0,0.0,0
1932,001000111,1,5,8.0,13.0,0.0,0
1933,001001011,1,5,8.0,13.0,0.0,0
1934,001001101,1,5,8.0,13.0,0.0,0
1935,001001110,1,5,9.0,13.0,0.0,0
1936,001001111,1,5,8.0,13.0,0.0,0
1937,001010011,1,5,8.0,13.0,0.0,0
1938,001010101,1,5,11.0,9.0,0.0,0
1939,001010110,1,5,9.0,13.0,0.0,0
1940,001010111,1,5,8.0,13.0,0.0,0
1941,001011001,1,5,8.0,13.0,0.0,0
1942,001011010,1,5,9.0,13.0,0.0,0
1943,001011011,1,5,8.0,13.0,0.0,0
1944,001011100,1,5,9.0,13.0,0.0,0
1945,001011101,1,5,8.0,13.0,0.0,0
1946,001011110,1,5,9.0,13.0,0.0,0
1947,001011111,1,5,8.0,13.0,0.0,0
1948,001100011,2,5,7.5,6.5,0.0,0
1949,001100101,1,5,11.0,9.0,0.0,0
1950,001100110,1,5,9.0,13.0,0.0,0
1951,001100111,1,5,8.0,13.0,0.0,0
1952,001101001,1,5,8.0,13.0,0.0,0
1953,001101010,1,5,9.0,13.0,0.0,0
1954,001101011,1,5,8.0,13.0,0.0,0
1955,001101100,1,5,9.0,13.0,0.0,0
1956,001101101,1,5,8.0,13.0,0.0,0
1957,001101110,1,5,9.0,13.0,0.0,0
1958,001101111,1,5,8.0,13.0,0.0,0
1959,001110001,1,5,11.0,9.0,0.0,0
1960,001110010,1,5,9.0,13.0,0.0,0
1961,001110011,1,5,8.0,13.0,0.0,0
1962,001110100,1,5,12.0,8.0,0.2503322600249659,0
1963,001110101,1,5,11.0,9.0,0.0,0
1964,001110110,1,5,9.0,13.0,0.0,0
1965,001110111,1,5,8.0,13.0,0.0,0
1966,001111000,1,5,9.0,13.0,0.0,0
1967,001111001,1,5,8.0,13.0,0.0,0
1968,001111010,1,5,9.0,13.0,0.0,0
1969,001111011,1,5,8.0,13.0,0.0,0
1970,001111100,1,5,9.0,13.0,0.0,0
1971,001111101,1,5,8.0,13.0,0.0,0
1972,001111110,1,5,9.0,13.0,0.0,0
1973,001111111,1,5,8.0,13.0,0.0,0
1974,010000111,1,5,8.0,13.0,0.0,0
1975,010001011,1,5,8.0,13.0,0.0,0
1976,010001101,1,5,8.0,13.0,0.0,0
1977,010001110,1,5,9.0,13.0,0.0,0
1978,010001111,1,5,8.0,13.0,0.0,0
1979,010010011,1,5,8.0,13.0,0.0,0
1980,010010101,1,5,11.0,9.0,0.0,0
1981,010010110,1,5,9.0,13.0,0.0,0
1982,010010111,1,5,8.0,13.0,0.0,0
1983,010011001,1,5,8.0,13.0,0.0,0
1984,010011010,1,5,9.0,13.0,0.0,0
1985,010011011,1,5,8.0,13.0,0.0,0
1986,010011100,1,5,9.0,13.0,0.0,0
1987,010011101,1,5,8.0,13.0,0.0,0
1988,010011110,1,5,9.0,13.0,0.0,0
1989,010011111,1,5,8.0,13.0,0.0,0
1990,010100011,2,5,7.5,6.5,0.0,0
1991,010100101,1,5,11.0,9.0,0.0,0
1992,010100110,1,5,9.0,13.0,0.0,0
1993,010100111,1,5,8.0,13.0,0.0,0
1994,010101001,1,5,8.0,13.0,0.0,0
1995,010101010,1,5,9.0,13.0,0.0,0
1996,010101011,1,5,8.0,13.0,0.0,0
1997,010101100,1,5,9.0,13.0,0.0,0
1998,010101101,1,5,8.0,13.0,0.0,0
1999,010101110,1,5,9.0,13.0,0.0,0
2000,010101111,1,5,8.0,13.0,0.0,0
2001,010110001,1,5,11.0,9.0,0.0,0
2002,010110010,1,5,9.0,13.0,0.0,0
2003,010110011,1,5,8.0,13.0,0.0,0
2004,010110100,1,5,12.0,8.0,0.2503322600249659,0
2005,010110101,1,5,11.0,9.0,0.0,0
2006,010110110,1,5,9.0,13.0,0.0,0
2007,010110111,1,5,8.0,13.0,0.0,0
2008,010111000,1,5,9.0,13.0,0.0,0
2009,010111001,1,5,8.0,13.0,0.0,0
2010,010111010,1,5,9.0,13.0,0.0,0
2011,010111011,1,5,8.0,13.0,0.0,0
2012,010111100,1,5,9.0,13.0,0.0,0
2013,010111101,1,5,8.0,13.0,0.0,0
2014,010111110,1,5,9.0,13.0,0.0,0
2015,010111111,1,5,8.0,13.0,0.0,0
2016,011000011,2,5,10.5,9.5,0.0,0
2017,011000101,1,5,11.0,9.0,0.0,0
2018,011000110,1,5,9.0,13.0,0.0,0
2019,011000111,1,5,8.0,13.0,0.0,0
2020,011001001,1,5,8.0,13.0,0.0,0
2021,011001010,1,5,9.0,13.0,0.0,0
2022,011001011,1,5,8.0,13.0,0.0,0
2023,011001100,1,5,9.0,13.0,0.0,0
2024,011001101,1,5,8.0,13.0,0.0,0
2025,011001110,1,5,9.0,13.0,0.0,0
2026,011001111,1,5,8.0,13.0,0.0,0
2027,011010001,1,5,11.0,9.0,0.0,0
2028,011010010,1,5,9.0,13.0,0.0,0
2029,011010011,1,5,8.0,13.0,0.0,0
2030,011010100,1,5,12.0,8.0,0.2503322600249659,0
2031,011010101,1,5,11.0,9.0,0.0,0
2032,011010110,1,5,9.0,13.0,0.0,0
2033,011010111,1,5,8.0,13.0,0.0,0
2034,011011000,1,5,9.0,13.0,0.0,0
2035,011011001,1,5,8.0,13.0,0.0,0
2036,011011010,1,5,9.0,13.0,0.0,0
2037,011011011,1,5,8.0,13.0,0.0,0
2038,011011100,1,5,9.0,13.0,0.0,0
2039,011011101,1,5,8.0,13.0,0.0,0
2040,011011110,1,5,9.0,13.0,0.0,0
2041,011011111,1,5,8.0,13.0,0.0,0
2042,011100001,2,5,9.0,4.5,0.0,0
2043,011100010,2,5,8.0,6.5,0.0,0
2044,011100011,2,5,7.5,6.5,0.0,0
2045,011100100,1,5,12.0,8.0,0.2683281572999747,0
2046,011100101,1,5,11.0,9.0,0.0,0
2047,011100110,1,5,9.0,13.0,0.0,0
2048,011100111,1,5,8.0,13.0,0.0,0
2049,011101000,1,5,9.0,13.0,0.0,0
2050,011101001,1,5,8.0,13.0,0.0,0
2051,011101010,1,5,9.0,13.0,0.0,0
2052,011101011,1,5,8.0,13.0,0.0,0
2053,011101100,1,5,9.0,13.0,0.0,0
2054,011101101,1,5,8.0,13.0,0.0,0
2055,011101110,1,5,9.0,13.0,0.0,0
2056,011101111,1,5,8.0,13.0,0.0,0
2057,011110000,1,5,12.0,8.0,0.2200543411148216,0
2058,011110001,1,5,11.0,9.0,0.0,0
2059,011110010,1,5,9.0,13.0,0.0,0
2060,011110011,1,5,8.0,13.0,0.0,0
2061,011110100,1,5,12.0,8.0,0.2503322600249659,0
2062,011110101,1,5,11.0,9.0,0.0,0
2063,011110110,1,5,9.0,13.0,0.0,0
2064,011110111,1,5,8.0,13.0,0.0,0
2065,011111000,1,5,9.0,13.0,0.0,0
2066,011111001,1,5,8.0,13.0,0.0,0
2067,011111010,1,5,9.0,13.0,0.0,0
2068,011111011,1,5,8.0,13.0,0.0,0
2069,011111100,1,5,9.0,13.0,0.0,0
2070,011111101,1,5,8.0,13.0,0.0,0
2071,011111110,1,5,9.0,13.0,0.0,0
2072,011111111,1,5,8.0,13.0,0.0,0
2073,100000111,1,5,8.0,13.0,0.0,0
2074,100001011,1,5,8.0,13.0,0.0,0
2075,100001101,1,5,8.0,13.0,0.0,0
2076,100001110,1,5,9.0,13.0,0.0,0
2077,100001111,1,5,8.0,13.0,0.0,0
2078,100010011,1,5,8.0,13.0,0.0,0
2079,100010101,1,5,11.0,9.0,0.0,0
2080,100010110,1,5,9.0,13.0,0.0,0
2081,100010111,1,5,8.0,13.0,0.0,0
2082,100011001,1,5,8.0,13.0,0.0,0
2083,100011010,1,5,9.0,13.0,0.0,0
2084,100011011,1,5,8.0,13.0,0.0,0
2085,100011100,1,5,9.0,13.0,0.0,0
2086,100011101,1,5,8.0,13.0,0.0,0
2087,100011110,1,5,9.0,13.0,0.0,0
2088,100011111,1,5,8.0,13.0,0.0,0
2089,100100011,2,5,7.5,6.5,0.0,0
2090,100100101,1,5,11.0,9.0,0.0,0
2091,100100110,1,5,9.0,13.0,0.0,0
2092,100100111,1,5,8.0,13.0,0.0,0
2093,100101001,1,5,8.0,13.0,0.0,0
2094,100101010,1,5,9.0,13.0,0.0,0
2095,100101011,1,5,8.0,13.0,0.0,0
2096,100101100,1,5,9.0,13.0,0.0,0
2097,100101101,1,5,8.0,13.0,0.0,0
2098,100101110,1,5,9.0,13.0,0.0,0
2099,100101111,1,5,8.0,13.0,0.0,0
2100,100110001,1,5,11.0,9.0,0.0,0
2101,100110010,1,5,9.0,13.0,0.0,0
2102,100110011,1,5,8.0,13.0,0.0,0
2103,100110100,1,5,12.0,8.0,0.2503322600249659,0
2104,100110101,1,5,11.0,9.0,0.0,0
2105,100110110,1,5,9.0,13.0,0.0,0
2106,100110111,1,5,8.0,13.0,0.0,0
2107,100111000,1,5,9.0,13.0,0.0,0
2108,100111001,1,5,8.0,13.0,0.0,0
2109,100111010,1,5,9.0,13.0,0.0,0
2110,100111011,1,5,8.0,13.0,0.0,0
2111,100111100,1,5,9.0,13.0,0.0,0
2112,100111101,1,5,8.0,13.0,0.0,0
2113,100111110,1,5,9.0,13.0,0.0,0
2114,100111111,1,5,8.0,13.0,0.0,0
2115,101000011,2,5,7.5,6.5,0.0,0
2116,101000101,1,5,11.0,9.0,0.0,0
2117,101000110,1,5,9.0,13.0,0.0,0
2118,101000111,1,5,8.0,13.0,0.0,0
2119,101001001,1,5,8.0,13.0,0.0,0
2120,101001010,1,5,9.0,13.0,0.0,0
2121,101001011,1,5,8.0,13.0,0.0,0
2122,101001100,1,5,9.0,13.0,0.0,0
2123,101001101,1,5,8.0,13.0,0.0,0
2124,101001110,1,5,9.0,13.0,0.0,0
2125,101001111,1,5,8.0,13.0,0.0,0
2126,101010001,1,5,11.0,9.0,0.0,0
2127,101010010,1,5,9.0,13.0,0.0,0
2128,101010011,1,5,8.0,13.0,0.0,0
2129,101010100,1,5,12.0,8.0,0.2503322600249659,0
2130,101010101,1,5,11.0,9.0,0.0,0
2131,101010110,1,5,9.0,13.0,0.0,0
2132,101010111,1,5,8.0,13.0,0.0,0
2133,101011000,1,5,9.0,13.0,0.0,0
2134,101011001,1,5,8.0,13.0,0.0,0
2135,101011010,1,5,9.0,13.0,0.0,0
2136,101011011,1,5,8.0,13.0,0.0,0
2137,101011100,1,5,9.0,13.0,0.0,0
2138,101011101,1,5,8.0,13.0,0.0,0
2139,101011110,1,5,9.0,13.0,0.0,0
2140,101011111,1,5,8.0,13.0,0.0,0
2141,101100001,2,5,9.0,4.5,0.0,0
2142,101100010,2,5,8.0,6.5,0.0,0
2143,101100011,2,5,7.5,6.5,0.0,0
2144,101100100,1,5,12.0,8.0,0.2683281572999747,0
2145,101100101,1,5,11.0,9.0,0.0,0
2146,101100110,1,5,9.0,13.0,0.0,0
2147,101100111,1,5,8.0,13.0,0.0,0
2148,101101000,1,5,9.0,13.0,0.0,0
2149,101101001,1,5,8.0,13.0,0.0,0
2150,101101010,1,5,9.0,13.0,0.0,0
2151,101101011,1,5,8.0,13.0,0.0,0
2152,101101100,1,5,9.0,13.0,0.0,0
2153,101101101,1,5,8.0,13.0,0.0,0
2154,101101110,1,5,9.0,13.0,0.0,0
2155,101101111,1,5,8.0,13.0,0.0,0
2156,101110000,1,5,12.0,8.0,0.2200543411148216,0
2157,101110001,1,5,11.0,9.0,0.0,0
2158,101110010,1,5,9.0,13.0,0.0,0
2159,101110011,1,5,8.0,13.0,0.0,0
2160,101110100,1,5,12.0,8.0,0.2503322600249659,0
2161,101110101,1,5,11.0,9.0,0.0,0
2162,101110110,1,5,9.0,13.0,0.0,0
2163,101110111,1,5,8.0,13.0,0.0,0
2164,101111000,1,5,9.0,13.0,0.0,0
2165,101111001,1,5,8.0,13.0,0.0,0
2166,101111010,1,5,9.0,13.0,0.0,0
2167,101111011,1,5,8.0,13.0,0.0,0
2168,101111100,1,5,9.0,13.0,0.0,0
2169,101111101,1,5,8.0,13.0,0.0,0
2170,101111110,1,5,9.0,13.0,0.0,0
2171,101111111,1,5,8.0,13.0,0.0,0
2172,110000011,2,5,7.5,6.5,0.0,0
2173,110000101,1,5,11.0,9.0,0.0,0
2174,110000110,1,5,9.0,13.0,0.0,0
2175,110000111,1,5,8.0,13.0,0.0,0
2176,110001001,1,5,8.0,13.0,0.0,0
2177,110001010,1,5,9.0,13.0,0.0,0
2178,110001011,1,5,8.0,13.0,0.0,0
2179,110001100,1,5,9.0,13.0,0.0,0
2180,110001101,1,5,8.0,13.0,0.0,0
2181,110001110,1,5,9.0,13.0,0.0,0
2182,110001111,1,5,8.0,13.0,0.0,0
2183,110010001,1,5,11.0,9.0,0.0,0
2184,110010010,1,5,9.0,13.0,0.0,0
2185,110010011,1,5,8.0,13.0,0.0,0
2186,110010100,1,5,12.0,8.0,0.2503322600249659,0
2187,110010101,1,5,11.0,9.0,0.0,0
2188,110010110,1,5,9.0,13.0,0.0,0
2189,110010111,1,5,8.0,13.0,0.0,0
2190,110011000,1,5,9.0,13.0,0.0,0
2191,110011001,1,5,8.0,13.0,0.0,0
2192,110011010,1,5,9.0,13.0,0.0,0
2193,110011011,1,5,8.0,13.0,0.0,0
2194,110011100,1,5,9.0,13.0,0.0,0
2195,110011101,1,5,8.0,13.0,0.0,0
2196,110011110,1,5,9.0,13.0,0.0,0
2197,110011111,1,5,8.0,13.0,0.0,0
2198,110100001,2,5,9.0,4.5,0.0,0
2199,110100010,2,5,8.0,6.5,0.0,0
2200,110100011,2,5,7.5,6.5,0.0,0
2201,110100100,1,5,12.0,8.0,0.2683281572999747,0
2202,110100101,1,5,11.0,9.0,0.0,0
2203,110100110,1,5,9.0,13.0,0.0,0
2204,110100111,1,5,8.0,13.0,0.0,0
2205,110101000,1,5,9.0,13.0,0.0,0
2206,110101001,1,5,8.0,13.0,0.0,0
2207,110101010,1,5,9.0,13.0,0.0,0
2208,110101011,1,5,8.0,13.0,0.0,0
2209,110101100,1,5,9.0,13.0,0.0,0
2210,110101101,1,5,8.0,13.0,0.0,0
2211,110101110,1,5,9.0,13.0,0.0,0
2212,110101111,1,5,8.0,13.0,0.0,0
2213,110110000,1,5,12.0,8.0,0.2200543411148216,0
2214,110110001,1,5,11.0,9.0,0.0,0
2215,110110010,1,5,9.0,13.0,0.0,0
2216,110110011,1,5,8.0,13.0,0.0,0
2217,110110100,1,5,12.0,8.0,0.2503322600249659,0
2218,110110101,1,5,11.0,9.0,0.0,0
2219,110110110,1,5,9.0,13.0,0.0,0
2220,110110111,1,5,8.0,13.0,0.0,0
2221,110111000,1,5,9.0,13.0,0.0,0
2222,110111001,1,5,8.0,13.0,0.0,0
2223,110111010,1,5,9.0,13.0,0.0,0
2224,110111011,1,5,8.0,13.0,0.0,0
2225,110111100,1,5,9.0,13.0,0.0,0
2226,110111101,1,5,8.0,13.0,0.0,0
2227,110111110,1,5,9.0,13.0,0.0,0
2228,110111111,1,5,8.0,13.0,0.0,0
2229,111000001,2,5,9.0,4.5,0.0,0
2230,111000010,2,5,8.0,6.5,0.0,0
2231,111000011,2,5,7.5,6.5,0.0,0
2232,111000100,1,5,12.0,8.0,0.2683281572999747,0
2233,111000101,1,5,11.0,9.0,0.0,0
2234,111000110,1,5,9.0,13.0,0.0,0
2235,111000111,1,5,8.0,13.0,0.0,0
2236,111001000,1,5,9.0,13.0,0.0,0
2237,111001001,1,5,8.0,13.0,0.0,0
2238,111001010,1,5,9.0,13.0,0.0,0
2239,111001011,1,5,8.0,13.0,0.0,0
2240,111001100,1,5,9.0,13.0,0.0,0
2241,111001101,1,5,8.0,13.0,0.0,0
2242,111001110,1,5,9.0,13.0,0.0,0
2243,111001111,1,5,8.0,13.0,0.0,0
2244,111010000,1,5,12.0,8.0,0.2200543411148216,0
2245,111010001,1,5,11.0,9.0,0.0,0
2246,111010010,1,5,9.0,13.0,0.0,0
2247,111010011,1,5,8.0,13.0,0.0,0
2248,111010100,1,5,12.0,8.0,0.2503322600249659,0
2249,111010101,1,5,11.0,9.0,0.0,0
2250,111010110,1,5,9.0,13.0,0.0,0
2251,111010111,1,5,8.0,13.0,0.0,0
2252,111011000,1,5,9.0,13.0,0.0,0
2253,111011001,1,5,8.0,13.0,0.0,0
2254,111011010,1,5,9.0,13.0,0.0,0
2255,111011011,1,5,8.0,13.0,0.0,0
2256,111011100,1,5,9.0,13.0,0.0,0
2257,111011101,1,5,8.0,13.0,0.0,0
2258,111011110,1,5,9.0,13.0,0.0,0
2259,111011111,1,5,8.0,13.0,0.0,0
2260,111100000,2,5,9.5,4.0,0.15741723110591493,0
2261,111100001,2,5,9.0,4.5,0.0,0
2262,111100010,2,5,8.0,6.5,0.0,0
2263,111100011,2,5,7.5,6.5,0.0,0
2264,111100100,1,5,12.0,8.0,0.2683281572999747,0
2265,111100101,1,5,11.0,9.0,0.0,0
2266,111100110,1,5,9.0,13.0,0.0,0
2267,111100111,1,5,8.0,13.0,0.0,0
2268,111101000,1,5,9.0,13.0,0.0,0
2269,111101001,1,5,8.0,13.0,0.0,0
2270,111101010,1,5,9.0,13.0,0.0,0
2271,111101011,1,5,8.0,13.0,0.0,0
2272,111101100,1,5,9.0,13.0,0.0,0
2273,111101101,1,5,8.0,13.0,0.0,0
2274,111101110,1,5,9.0,13.0,0.0,0
2275,111101111,1,5,8.0,13.0,0.0,0
2276,111110000,1,5,12.0,8.0,0.2200543411148216,0
2277,111110001,1,5,11.0,9.0,0.0,0
2278,111110010,1,5,9.0,13.0,0.0,0
2279,111110011,1,5,8.0,13.0,0.0,0
2280,111110100,1,5,12.0,8.0,0.2503322600249659,0
2281,111110101,1,5,11.0,9.0,0.0,0
2282,111110110,1,5,9.0,13.0,0.0,0
2283,111110111,1,5,8.0,13.0,0.0,0
2284,111111000,1,5,9.0,13.0,0.0,0
2285,111111001,1,5,8.0,13.0,0.0,0
2286,111111010,1,5,9.0,13.0,0.0,0
2287,111111011,1,5,8.0,13.0,0.0,0
2288,111111100,1,5,9.0,13.0,0.0,0
2289,111111101,1,5,8.0,13.0,0.0,0
2290,111111110,1,5,9.0,13.0,0.0,0
2291,111111111,1,5,8.0,13.0,0.0,0
